Hours since 00:00 Jan 1,ESP_Sevilla_SWEC.epw: Beam irradiance - DNI (W/m2)
0.5,0
1.5,0
2.5,0
3.5,0
4.5,0
5.5,0
6.5,0
7.5,0
8.5,0
9.5,126
10.5,283
11.5,545
12.5,750
13.5,810
14.5,709
15.5,485
16.5,302
17.5,0
18.5,0
19.5,0
20.5,0
21.5,0
22.5,0
23.5,0
24.5,0
25.5,0
26.5,0
27.5,0
28.5,0
29.5,0
30.5,0
31.5,0
32.5,0
33.5,347
34.5,258
35.5,280
36.5,331
37.5,432
38.5,564
39.5,463
40.5,252
41.5,126
42.5,0
43.5,0
44.5,0
45.5,0
46.5,0
47.5,0
48.5,0
49.5,0
50.5,0
51.5,0
52.5,0
53.5,0
54.5,0
55.5,0
56.5,0
57.5,53
58.5,94
59.5,154
60.5,151
61.5,312
62.5,302
63.5,116
64.5,78
65.5,44
66.5,0
67.5,0
68.5,0
69.5,0
70.5,0
71.5,0
72.5,0
73.5,0
74.5,0
75.5,0
76.5,0
77.5,0
78.5,0
79.5,0
80.5,0
81.5,375
82.5,555
83.5,687
84.5,782
85.5,813
86.5,779
87.5,681
88.5,545
89.5,359
90.5,0
91.5,0
92.5,0
93.5,0
94.5,0
95.5,0
96.5,0
97.5,0
98.5,0
99.5,0
100.5,0
101.5,0
102.5,0
103.5,0
104.5,0
105.5,369
106.5,555
107.5,690
108.5,785
109.5,817
110.5,782
111.5,684
112.5,548
113.5,359
114.5,0
115.5,0
116.5,0
117.5,0
118.5,0
119.5,0
120.5,0
121.5,0
122.5,0
123.5,0
124.5,0
125.5,0
126.5,0
127.5,0
128.5,0
129.5,473
130.5,656
131.5,735
132.5,779
133.5,794
134.5,779
135.5,735
136.5,653
137.5,463
138.5,0
139.5,0
140.5,0
141.5,0
142.5,0
143.5,0
144.5,0
145.5,0
146.5,0
147.5,0
148.5,0
149.5,0
150.5,0
151.5,0
152.5,0
153.5,482
154.5,533
155.5,618
156.5,760
157.5,804
158.5,763
159.5,716
160.5,665
161.5,476
162.5,0
163.5,0
164.5,0
165.5,0
166.5,0
167.5,0
168.5,0
169.5,0
170.5,0
171.5,0
172.5,0
173.5,0
174.5,0
175.5,0
176.5,0
177.5,233
178.5,318
179.5,479
180.5,555
181.5,552
182.5,451
183.5,324
184.5,384
185.5,473
186.5,0
187.5,0
188.5,0
189.5,0
190.5,0
191.5,0
192.5,0
193.5,0
194.5,0
195.5,0
196.5,0
197.5,0
198.5,0
199.5,0
200.5,0
201.5,176
202.5,271
203.5,271
204.5,340
205.5,388
206.5,296
207.5,359
208.5,340
209.5,141
210.5,0
211.5,0
212.5,0
213.5,0
214.5,0
215.5,0
216.5,0
217.5,0
218.5,0
219.5,0
220.5,0
221.5,0
222.5,0
223.5,0
224.5,0
225.5,523
226.5,656
227.5,738
228.5,782
229.5,798
230.5,785
231.5,738
232.5,659
233.5,529
234.5,0
235.5,0
236.5,0
237.5,0
238.5,0
239.5,0
240.5,0
241.5,0
242.5,0
243.5,0
244.5,0
245.5,0
246.5,0
247.5,0
248.5,0
249.5,324
250.5,397
251.5,391
252.5,413
253.5,429
254.5,429
255.5,337
256.5,214
257.5,350
258.5,0
259.5,0
260.5,0
261.5,0
262.5,0
263.5,0
264.5,0
265.5,0
266.5,0
267.5,0
268.5,0
269.5,0
270.5,0
271.5,0
272.5,0
273.5,523
274.5,656
275.5,741
276.5,785
277.5,801
278.5,788
279.5,744
280.5,662
281.5,533
282.5,0
283.5,0
284.5,0
285.5,0
286.5,0
287.5,0
288.5,0
289.5,0
290.5,0
291.5,0
292.5,0
293.5,0
294.5,0
295.5,0
296.5,0
297.5,523
298.5,659
299.5,741
300.5,788
301.5,804
302.5,788
303.5,744
304.5,665
305.5,536
306.5,0
307.5,0
308.5,0
309.5,0
310.5,0
311.5,0
312.5,0
313.5,0
314.5,0
315.5,0
316.5,0
317.5,0
318.5,0
319.5,0
320.5,0
321.5,523
322.5,662
323.5,744
324.5,788
325.5,804
326.5,791
327.5,747
328.5,668
329.5,539
330.5,0
331.5,0
332.5,0
333.5,0
334.5,0
335.5,0
336.5,0
337.5,0
338.5,0
339.5,0
340.5,0
341.5,0
342.5,0
343.5,0
344.5,0
345.5,523
346.5,662
347.5,744
348.5,788
349.5,804
350.5,791
351.5,750
352.5,671
353.5,542
354.5,0
355.5,0
356.5,0
357.5,0
358.5,0
359.5,0
360.5,0
361.5,0
362.5,0
363.5,0
364.5,0
365.5,0
366.5,0
367.5,0
368.5,0
369.5,56
370.5,44
371.5,37
372.5,34
373.5,37
374.5,47
375.5,56
376.5,44
377.5,56
378.5,0
379.5,0
380.5,0
381.5,0
382.5,0
383.5,0
384.5,0
385.5,0
386.5,0
387.5,0
388.5,0
389.5,0
390.5,0
391.5,0
392.5,0
393.5,517
394.5,662
395.5,744
396.5,791
397.5,807
398.5,794
399.5,750
400.5,675
401.5,542
402.5,0
403.5,0
404.5,0
405.5,0
406.5,0
407.5,0
408.5,0
409.5,0
410.5,0
411.5,0
412.5,0
413.5,0
414.5,0
415.5,0
416.5,0
417.5,208
418.5,280
419.5,583
420.5,586
421.5,264
422.5,154
423.5,328
424.5,615
425.5,580
426.5,0
427.5,0
428.5,0
429.5,0
430.5,0
431.5,0
432.5,0
433.5,0
434.5,0
435.5,0
436.5,0
437.5,0
438.5,0
439.5,0
440.5,0
441.5,337
442.5,283
443.5,315
444.5,403
445.5,539
446.5,697
447.5,640
448.5,577
449.5,347
450.5,0
451.5,0
452.5,0
453.5,0
454.5,0
455.5,0
456.5,0
457.5,0
458.5,0
459.5,0
460.5,0
461.5,0
462.5,0
463.5,0
464.5,0
465.5,56
466.5,72
467.5,182
468.5,340
469.5,403
470.5,305
471.5,145
472.5,132
473.5,176
474.5,0
475.5,0
476.5,0
477.5,0
478.5,0
479.5,0
480.5,0
481.5,0
482.5,0
483.5,0
484.5,0
485.5,0
486.5,0
487.5,0
488.5,0
489.5,523
490.5,671
491.5,753
492.5,798
493.5,817
494.5,804
495.5,763
496.5,690
497.5,558
498.5,0
499.5,0
500.5,0
501.5,0
502.5,0
503.5,0
504.5,0
505.5,0
506.5,0
507.5,0
508.5,0
509.5,0
510.5,0
511.5,0
512.5,0
513.5,388
514.5,375
515.5,529
516.5,712
517.5,731
518.5,725
519.5,649
520.5,700
521.5,558
522.5,0
523.5,0
524.5,0
525.5,0
526.5,0
527.5,0
528.5,0
529.5,0
530.5,0
531.5,0
532.5,0
533.5,0
534.5,0
535.5,0
536.5,0
537.5,501
538.5,564
539.5,574
540.5,593
541.5,700
542.5,823
543.5,716
544.5,545
545.5,473
546.5,0
547.5,0
548.5,0
549.5,0
550.5,0
551.5,0
552.5,0
553.5,0
554.5,0
555.5,0
556.5,0
557.5,0
558.5,0
559.5,0
560.5,0
561.5,148
562.5,271
563.5,305
564.5,205
565.5,230
566.5,227
567.5,223
568.5,302
569.5,160
570.5,0
571.5,0
572.5,0
573.5,0
574.5,0
575.5,0
576.5,0
577.5,0
578.5,0
579.5,0
580.5,0
581.5,0
582.5,0
583.5,0
584.5,0
585.5,217
586.5,167
587.5,82
588.5,141
589.5,337
590.5,451
591.5,328
592.5,293
593.5,192
594.5,0
595.5,0
596.5,0
597.5,0
598.5,0
599.5,0
600.5,0
601.5,0
602.5,0
603.5,0
604.5,0
605.5,0
606.5,0
607.5,0
608.5,0
609.5,0
610.5,0
611.5,0
612.5,0
613.5,0
614.5,0
615.5,0
616.5,0
617.5,0
618.5,0
619.5,0
620.5,0
621.5,0
622.5,0
623.5,0
624.5,0
625.5,0
626.5,0
627.5,0
628.5,0
629.5,0
630.5,0
631.5,0
632.5,0
633.5,9
634.5,6
635.5,6
636.5,6
637.5,12
638.5,6
639.5,3
640.5,3
641.5,6
642.5,0
643.5,0
644.5,0
645.5,0
646.5,0
647.5,0
648.5,0
649.5,0
650.5,0
651.5,0
652.5,0
653.5,0
654.5,0
655.5,0
656.5,0
657.5,145
658.5,119
659.5,63
660.5,69
661.5,78
662.5,78
663.5,69
664.5,56
665.5,107
666.5,0
667.5,0
668.5,0
669.5,0
670.5,0
671.5,0
672.5,0
673.5,0
674.5,0
675.5,0
676.5,0
677.5,0
678.5,0
679.5,0
680.5,0
681.5,558
682.5,703
683.5,731
684.5,760
685.5,779
686.5,728
687.5,643
688.5,268
689.5,164
690.5,0
691.5,0
692.5,0
693.5,0
694.5,0
695.5,0
696.5,0
697.5,0
698.5,0
699.5,0
700.5,0
701.5,0
702.5,0
703.5,0
704.5,0
705.5,444
706.5,552
707.5,593
708.5,577
709.5,630
710.5,779
711.5,804
712.5,738
713.5,618
714.5,0
715.5,0
716.5,0
717.5,0
718.5,0
719.5,0
720.5,0
721.5,0
722.5,0
723.5,0
724.5,0
725.5,0
726.5,0
727.5,0
728.5,0
729.5,356
730.5,517
731.5,640
732.5,817
733.5,798
734.5,583
735.5,264
736.5,164
737.5,107
738.5,0
739.5,0
740.5,0
741.5,0
742.5,0
743.5,0
744.5,0
745.5,0
746.5,0
747.5,0
748.5,0
749.5,0
750.5,0
751.5,0
752.5,0
753.5,31
754.5,31
755.5,31
756.5,34
757.5,31
758.5,31
759.5,44
760.5,28
761.5,22
762.5,0
763.5,0
764.5,0
765.5,0
766.5,0
767.5,0
768.5,0
769.5,0
770.5,0
771.5,0
772.5,0
773.5,0
774.5,0
775.5,0
776.5,0
777.5,50
778.5,85
779.5,116
780.5,110
781.5,91
782.5,50
783.5,37
784.5,18
785.5,25
786.5,0
787.5,0
788.5,0
789.5,0
790.5,0
791.5,0
792.5,0
793.5,0
794.5,0
795.5,0
796.5,0
797.5,0
798.5,0
799.5,0
800.5,0
801.5,189
802.5,340
803.5,432
804.5,441
805.5,498
806.5,403
807.5,258
808.5,227
809.5,283
810.5,0
811.5,0
812.5,0
813.5,0
814.5,0
815.5,0
816.5,0
817.5,0
818.5,0
819.5,0
820.5,0
821.5,0
822.5,0
823.5,0
824.5,0
825.5,558
826.5,700
827.5,779
828.5,826
829.5,845
830.5,832
831.5,794
832.5,725
833.5,605
834.5,0
835.5,0
836.5,0
837.5,0
838.5,0
839.5,0
840.5,0
841.5,0
842.5,0
843.5,0
844.5,0
845.5,0
846.5,0
847.5,0
848.5,0
849.5,561
850.5,700
851.5,779
852.5,826
853.5,845
854.5,835
855.5,794
856.5,725
857.5,611
858.5,0
859.5,0
860.5,0
861.5,0
862.5,0
863.5,0
864.5,0
865.5,0
866.5,0
867.5,0
868.5,0
869.5,0
870.5,0
871.5,0
872.5,0
873.5,564
874.5,703
875.5,782
876.5,829
877.5,848
878.5,839
879.5,798
880.5,728
881.5,611
882.5,0
883.5,0
884.5,0
885.5,0
886.5,0
887.5,0
888.5,0
889.5,0
890.5,0
891.5,0
892.5,0
893.5,0
894.5,0
895.5,0
896.5,0
897.5,85
898.5,116
899.5,268
900.5,388
901.5,441
902.5,684
903.5,738
904.5,447
905.5,268
906.5,0
907.5,0
908.5,0
909.5,0
910.5,0
911.5,0
912.5,0
913.5,0
914.5,0
915.5,0
916.5,0
917.5,0
918.5,0
919.5,0
920.5,0
921.5,533
922.5,599
923.5,548
924.5,372
925.5,182
926.5,451
927.5,741
928.5,542
929.5,318
930.5,0
931.5,0
932.5,0
933.5,0
934.5,0
935.5,0
936.5,0
937.5,0
938.5,0
939.5,0
940.5,0
941.5,0
942.5,0
943.5,0
944.5,0
945.5,618
946.5,741
947.5,817
948.5,810
949.5,703
950.5,605
951.5,567
952.5,536
953.5,331
954.5,0
955.5,0
956.5,0
957.5,0
958.5,0
959.5,0
960.5,0
961.5,0
962.5,0
963.5,0
964.5,0
965.5,0
966.5,0
967.5,0
968.5,0
969.5,539
970.5,706
971.5,785
972.5,832
973.5,851
974.5,779
975.5,678
976.5,700
977.5,507
978.5,0
979.5,0
980.5,0
981.5,0
982.5,0
983.5,0
984.5,0
985.5,0
986.5,0
987.5,0
988.5,0
989.5,0
990.5,0
991.5,0
992.5,0
993.5,44
994.5,94
995.5,170
996.5,223
997.5,220
998.5,173
999.5,110
1000.5,246
1001.5,656
1002.5,0
1003.5,0
1004.5,0
1005.5,0
1006.5,0
1007.5,0
1008.5,0
1009.5,0
1010.5,0
1011.5,0
1012.5,0
1013.5,0
1014.5,0
1015.5,0
1016.5,0
1017.5,88
1018.5,230
1019.5,271
1020.5,116
1021.5,116
1022.5,94
1023.5,141
1024.5,261
1025.5,280
1026.5,0
1027.5,0
1028.5,0
1029.5,0
1030.5,0
1031.5,0
1032.5,0
1033.5,0
1034.5,0
1035.5,0
1036.5,0
1037.5,0
1038.5,0
1039.5,0
1040.5,0
1041.5,492
1042.5,634
1043.5,678
1044.5,854
1045.5,747
1046.5,564
1047.5,649
1048.5,649
1049.5,570
1050.5,0
1051.5,0
1052.5,0
1053.5,0
1054.5,0
1055.5,0
1056.5,0
1057.5,0
1058.5,0
1059.5,0
1060.5,0
1061.5,0
1062.5,0
1063.5,0
1064.5,0
1065.5,454
1066.5,611
1067.5,501
1068.5,384
1069.5,170
1070.5,154
1071.5,195
1072.5,290
1073.5,217
1074.5,0
1075.5,0
1076.5,0
1077.5,0
1078.5,0
1079.5,0
1080.5,0
1081.5,0
1082.5,0
1083.5,0
1084.5,0
1085.5,0
1086.5,0
1087.5,0
1088.5,0
1089.5,596
1090.5,722
1091.5,801
1092.5,848
1093.5,867
1094.5,858
1095.5,817
1096.5,750
1097.5,643
1098.5,0
1099.5,0
1100.5,0
1101.5,0
1102.5,0
1103.5,0
1104.5,0
1105.5,0
1106.5,0
1107.5,0
1108.5,0
1109.5,0
1110.5,0
1111.5,0
1112.5,0
1113.5,447
1114.5,570
1115.5,738
1116.5,757
1117.5,706
1118.5,709
1119.5,716
1120.5,703
1121.5,643
1122.5,0
1123.5,0
1124.5,0
1125.5,0
1126.5,0
1127.5,0
1128.5,0
1129.5,0
1130.5,0
1131.5,0
1132.5,0
1133.5,0
1134.5,0
1135.5,0
1136.5,0
1137.5,173
1138.5,287
1139.5,447
1140.5,750
1141.5,873
1142.5,798
1143.5,545
1144.5,261
1145.5,100
1146.5,0
1147.5,0
1148.5,0
1149.5,0
1150.5,0
1151.5,0
1152.5,0
1153.5,0
1154.5,0
1155.5,0
1156.5,0
1157.5,0
1158.5,0
1159.5,0
1160.5,0
1161.5,343
1162.5,429
1163.5,438
1164.5,615
1165.5,653
1166.5,444
1167.5,274
1168.5,179
1169.5,321
1170.5,0
1171.5,0
1172.5,0
1173.5,0
1174.5,0
1175.5,0
1176.5,0
1177.5,0
1178.5,0
1179.5,0
1180.5,0
1181.5,0
1182.5,0
1183.5,0
1184.5,0
1185.5,53
1186.5,126
1187.5,391
1188.5,744
1189.5,880
1190.5,624
1191.5,205
1192.5,315
1193.5,195
1194.5,0
1195.5,0
1196.5,0
1197.5,0
1198.5,0
1199.5,0
1200.5,0
1201.5,0
1202.5,0
1203.5,0
1204.5,0
1205.5,0
1206.5,0
1207.5,0
1208.5,0
1209.5,91
1210.5,151
1211.5,416
1212.5,678
1213.5,681
1214.5,621
1215.5,312
1216.5,261
1217.5,343
1218.5,0
1219.5,0
1220.5,0
1221.5,0
1222.5,0
1223.5,0
1224.5,0
1225.5,0
1226.5,0
1227.5,0
1228.5,0
1229.5,0
1230.5,0
1231.5,0
1232.5,0
1233.5,264
1234.5,485
1235.5,611
1236.5,580
1237.5,567
1238.5,552
1239.5,574
1240.5,570
1241.5,694
1242.5,0
1243.5,0
1244.5,0
1245.5,0
1246.5,0
1247.5,0
1248.5,0
1249.5,0
1250.5,0
1251.5,0
1252.5,0
1253.5,0
1254.5,0
1255.5,0
1256.5,0
1257.5,268
1258.5,315
1259.5,369
1260.5,473
1261.5,400
1262.5,624
1263.5,608
1264.5,170
1265.5,173
1266.5,0
1267.5,0
1268.5,0
1269.5,0
1270.5,0
1271.5,0
1272.5,0
1273.5,0
1274.5,0
1275.5,0
1276.5,0
1277.5,0
1278.5,0
1279.5,0
1280.5,0
1281.5,141
1282.5,283
1283.5,482
1284.5,545
1285.5,630
1286.5,646
1287.5,630
1288.5,482
1289.5,596
1290.5,0
1291.5,0
1292.5,0
1293.5,0
1294.5,0
1295.5,0
1296.5,0
1297.5,0
1298.5,0
1299.5,0
1300.5,0
1301.5,0
1302.5,0
1303.5,0
1304.5,0
1305.5,643
1306.5,766
1307.5,835
1308.5,839
1309.5,804
1310.5,845
1311.5,750
1312.5,504
1313.5,488
1314.5,0
1315.5,0
1316.5,0
1317.5,0
1318.5,0
1319.5,0
1320.5,0
1321.5,0
1322.5,0
1323.5,0
1324.5,0
1325.5,0
1326.5,0
1327.5,0
1328.5,0
1329.5,113
1330.5,164
1331.5,242
1332.5,255
1333.5,135
1334.5,97
1335.5,97
1336.5,97
1337.5,69
1338.5,69
1339.5,0
1340.5,0
1341.5,0
1342.5,0
1343.5,0
1344.5,0
1345.5,0
1346.5,0
1347.5,0
1348.5,0
1349.5,0
1350.5,0
1351.5,0
1352.5,0
1353.5,463
1354.5,703
1355.5,605
1356.5,488
1357.5,517
1358.5,466
1359.5,227
1360.5,214
1361.5,116
1362.5,59
1363.5,0
1364.5,0
1365.5,0
1366.5,0
1367.5,0
1368.5,0
1369.5,0
1370.5,0
1371.5,0
1372.5,0
1373.5,0
1374.5,0
1375.5,0
1376.5,0
1377.5,533
1378.5,621
1379.5,593
1380.5,716
1381.5,656
1382.5,684
1383.5,668
1384.5,624
1385.5,394
1386.5,334
1387.5,0
1388.5,0
1389.5,0
1390.5,0
1391.5,0
1392.5,0
1393.5,0
1394.5,0
1395.5,0
1396.5,0
1397.5,0
1398.5,0
1399.5,0
1400.5,0
1401.5,75
1402.5,195
1403.5,198
1404.5,381
1405.5,839
1406.5,731
1407.5,388
1408.5,230
1409.5,100
1410.5,53
1411.5,0
1412.5,0
1413.5,0
1414.5,0
1415.5,0
1416.5,0
1417.5,0
1418.5,0
1419.5,0
1420.5,0
1421.5,0
1422.5,0
1423.5,0
1424.5,0
1425.5,634
1426.5,744
1427.5,817
1428.5,864
1429.5,883
1430.5,870
1431.5,832
1432.5,766
1433.5,665
1434.5,533
1435.5,0
1436.5,0
1437.5,0
1438.5,0
1439.5,0
1440.5,0
1441.5,0
1442.5,0
1443.5,0
1444.5,0
1445.5,0
1446.5,0
1447.5,0
1448.5,0
1449.5,646
1450.5,539
1451.5,315
1452.5,372
1453.5,369
1454.5,233
1455.5,277
1456.5,138
1457.5,135
1458.5,82
1459.5,0
1460.5,0
1461.5,0
1462.5,0
1463.5,0
1464.5,0
1465.5,0
1466.5,0
1467.5,0
1468.5,0
1469.5,0
1470.5,0
1471.5,0
1472.5,0
1473.5,583
1474.5,747
1475.5,785
1476.5,820
1477.5,880
1478.5,867
1479.5,826
1480.5,716
1481.5,589
1482.5,526
1483.5,0
1484.5,0
1485.5,0
1486.5,0
1487.5,0
1488.5,0
1489.5,0
1490.5,0
1491.5,0
1492.5,0
1493.5,0
1494.5,0
1495.5,0
1496.5,0
1497.5,53
1498.5,63
1499.5,75
1500.5,69
1501.5,198
1502.5,321
1503.5,353
1504.5,460
1505.5,75
1506.5,28
1507.5,0
1508.5,0
1509.5,0
1510.5,0
1511.5,0
1512.5,0
1513.5,0
1514.5,0
1515.5,0
1516.5,0
1517.5,0
1518.5,0
1519.5,0
1520.5,0
1521.5,214
1522.5,246
1523.5,154
1524.5,255
1525.5,331
1526.5,192
1527.5,132
1528.5,82
1529.5,82
1530.5,34
1531.5,0
1532.5,0
1533.5,0
1534.5,0
1535.5,0
1536.5,0
1537.5,0
1538.5,0
1539.5,0
1540.5,0
1541.5,0
1542.5,0
1543.5,0
1544.5,0
1545.5,78
1546.5,82
1547.5,59
1548.5,56
1549.5,56
1550.5,47
1551.5,31
1552.5,28
1553.5,28
1554.5,31
1555.5,0
1556.5,0
1557.5,0
1558.5,0
1559.5,0
1560.5,0
1561.5,0
1562.5,0
1563.5,0
1564.5,0
1565.5,0
1566.5,0
1567.5,0
1568.5,110
1569.5,132
1570.5,151
1571.5,141
1572.5,154
1573.5,242
1574.5,466
1575.5,580
1576.5,271
1577.5,110
1578.5,116
1579.5,0
1580.5,0
1581.5,0
1582.5,0
1583.5,0
1584.5,0
1585.5,0
1586.5,0
1587.5,0
1588.5,0
1589.5,0
1590.5,0
1591.5,0
1592.5,529
1593.5,656
1594.5,760
1595.5,832
1596.5,876
1597.5,892
1598.5,883
1599.5,842
1600.5,776
1601.5,678
1602.5,555
1603.5,0
1604.5,0
1605.5,0
1606.5,0
1607.5,0
1608.5,0
1609.5,0
1610.5,0
1611.5,0
1612.5,0
1613.5,0
1614.5,0
1615.5,0
1616.5,507
1617.5,410
1618.5,425
1619.5,570
1620.5,646
1621.5,608
1622.5,526
1623.5,671
1624.5,772
1625.5,649
1626.5,324
1627.5,0
1628.5,0
1629.5,0
1630.5,0
1631.5,0
1632.5,0
1633.5,0
1634.5,0
1635.5,0
1636.5,0
1637.5,0
1638.5,0
1639.5,0
1640.5,545
1641.5,552
1642.5,675
1643.5,854
1644.5,807
1645.5,760
1646.5,832
1647.5,798
1648.5,656
1649.5,523
1650.5,359
1651.5,0
1652.5,0
1653.5,0
1654.5,0
1655.5,0
1656.5,0
1657.5,0
1658.5,0
1659.5,0
1660.5,0
1661.5,0
1662.5,0
1663.5,0
1664.5,198
1665.5,293
1666.5,438
1667.5,482
1668.5,381
1669.5,280
1670.5,302
1671.5,435
1672.5,507
1673.5,435
1674.5,164
1675.5,0
1676.5,0
1677.5,0
1678.5,0
1679.5,0
1680.5,0
1681.5,0
1682.5,0
1683.5,0
1684.5,0
1685.5,0
1686.5,0
1687.5,0
1688.5,526
1689.5,665
1690.5,769
1691.5,839
1692.5,886
1693.5,902
1694.5,889
1695.5,848
1696.5,782
1697.5,684
1698.5,552
1699.5,0
1700.5,0
1701.5,0
1702.5,0
1703.5,0
1704.5,0
1705.5,0
1706.5,0
1707.5,0
1708.5,0
1709.5,0
1710.5,0
1711.5,0
1712.5,116
1713.5,132
1714.5,198
1715.5,246
1716.5,271
1717.5,463
1718.5,552
1719.5,315
1720.5,148
1721.5,66
1722.5,18
1723.5,0
1724.5,0
1725.5,0
1726.5,0
1727.5,0
1728.5,0
1729.5,0
1730.5,0
1731.5,0
1732.5,0
1733.5,0
1734.5,0
1735.5,0
1736.5,242
1737.5,261
1738.5,182
1739.5,252
1740.5,255
1741.5,85
1742.5,72
1743.5,85
1744.5,66
1745.5,72
1746.5,91
1747.5,0
1748.5,0
1749.5,0
1750.5,0
1751.5,0
1752.5,0
1753.5,0
1754.5,0
1755.5,0
1756.5,0
1757.5,0
1758.5,0
1759.5,0
1760.5,529
1761.5,675
1762.5,776
1763.5,845
1764.5,889
1765.5,905
1766.5,892
1767.5,851
1768.5,785
1769.5,687
1770.5,552
1771.5,0
1772.5,0
1773.5,0
1774.5,0
1775.5,0
1776.5,0
1777.5,0
1778.5,0
1779.5,0
1780.5,0
1781.5,0
1782.5,0
1783.5,0
1784.5,533
1785.5,678
1786.5,776
1787.5,848
1788.5,892
1789.5,908
1790.5,895
1791.5,854
1792.5,788
1793.5,690
1794.5,555
1795.5,0
1796.5,0
1797.5,0
1798.5,0
1799.5,0
1800.5,0
1801.5,0
1802.5,0
1803.5,0
1804.5,0
1805.5,0
1806.5,0
1807.5,0
1808.5,533
1809.5,678
1810.5,779
1811.5,848
1812.5,892
1813.5,908
1814.5,895
1815.5,854
1816.5,788
1817.5,690
1818.5,552
1819.5,0
1820.5,0
1821.5,0
1822.5,0
1823.5,0
1824.5,0
1825.5,0
1826.5,0
1827.5,0
1828.5,0
1829.5,0
1830.5,0
1831.5,0
1832.5,529
1833.5,681
1834.5,782
1835.5,851
1836.5,895
1837.5,911
1838.5,899
1839.5,858
1840.5,788
1841.5,690
1842.5,552
1843.5,0
1844.5,0
1845.5,0
1846.5,0
1847.5,0
1848.5,0
1849.5,0
1850.5,0
1851.5,0
1852.5,0
1853.5,0
1854.5,0
1855.5,0
1856.5,337
1857.5,539
1858.5,728
1859.5,810
1860.5,804
1861.5,826
1862.5,892
1863.5,829
1864.5,656
1865.5,548
1866.5,511
1867.5,0
1868.5,0
1869.5,0
1870.5,0
1871.5,0
1872.5,0
1873.5,0
1874.5,0
1875.5,0
1876.5,0
1877.5,0
1878.5,0
1879.5,0
1880.5,593
1881.5,589
1882.5,583
1883.5,712
1884.5,794
1885.5,725
1886.5,485
1887.5,441
1888.5,561
1889.5,309
1890.5,129
1891.5,0
1892.5,0
1893.5,0
1894.5,0
1895.5,0
1896.5,0
1897.5,0
1898.5,0
1899.5,0
1900.5,0
1901.5,0
1902.5,0
1903.5,0
1904.5,15
1905.5,12
1906.5,6
1907.5,3
1908.5,9
1909.5,15
1910.5,15
1911.5,12
1912.5,12
1913.5,12
1914.5,15
1915.5,0
1916.5,0
1917.5,0
1918.5,0
1919.5,0
1920.5,0
1921.5,0
1922.5,0
1923.5,0
1924.5,0
1925.5,0
1926.5,0
1927.5,0
1928.5,47
1929.5,56
1930.5,66
1931.5,59
1932.5,37
1933.5,25
1934.5,22
1935.5,18
1936.5,12
1937.5,18
1938.5,25
1939.5,0
1940.5,0
1941.5,0
1942.5,0
1943.5,0
1944.5,0
1945.5,0
1946.5,0
1947.5,0
1948.5,0
1949.5,0
1950.5,0
1951.5,0
1952.5,514
1953.5,712
1954.5,608
1955.5,413
1956.5,441
1957.5,700
1958.5,858
1959.5,835
1960.5,662
1961.5,315
1962.5,88
1963.5,0
1964.5,0
1965.5,0
1966.5,0
1967.5,0
1968.5,0
1969.5,0
1970.5,0
1971.5,0
1972.5,0
1973.5,0
1974.5,0
1975.5,0
1976.5,542
1977.5,690
1978.5,788
1979.5,858
1980.5,902
1981.5,917
1982.5,902
1983.5,858
1984.5,791
1985.5,694
1986.5,548
1987.5,0
1988.5,0
1989.5,0
1990.5,0
1991.5,0
1992.5,0
1993.5,0
1994.5,0
1995.5,0
1996.5,0
1997.5,0
1998.5,0
1999.5,0
2000.5,66
2001.5,186
2002.5,391
2003.5,482
2004.5,466
2005.5,539
2006.5,687
2007.5,722
2008.5,671
2009.5,438
2010.5,63
2011.5,0
2012.5,0
2013.5,0
2014.5,0
2015.5,0
2016.5,0
2017.5,0
2018.5,0
2019.5,0
2020.5,0
2021.5,0
2022.5,0
2023.5,0
2024.5,189
2025.5,324
2026.5,574
2027.5,577
2028.5,558
2029.5,760
2030.5,889
2031.5,880
2032.5,829
2033.5,741
2034.5,615
2035.5,0
2036.5,0
2037.5,0
2038.5,0
2039.5,0
2040.5,0
2041.5,0
2042.5,0
2043.5,0
2044.5,0
2045.5,0
2046.5,0
2047.5,0
2048.5,141
2049.5,141
2050.5,104
2051.5,119
2052.5,236
2053.5,211
2054.5,107
2055.5,214
2056.5,230
2057.5,119
2058.5,135
2059.5,0
2060.5,0
2061.5,0
2062.5,0
2063.5,0
2064.5,0
2065.5,0
2066.5,0
2067.5,0
2068.5,0
2069.5,0
2070.5,0
2071.5,0
2072.5,564
2073.5,703
2074.5,798
2075.5,867
2076.5,911
2077.5,924
2078.5,911
2079.5,867
2080.5,798
2081.5,703
2082.5,561
2083.5,0
2084.5,0
2085.5,0
2086.5,0
2087.5,0
2088.5,0
2089.5,0
2090.5,0
2091.5,0
2092.5,0
2093.5,0
2094.5,0
2095.5,0
2096.5,34
2097.5,28
2098.5,34
2099.5,47
2100.5,59
2101.5,75
2102.5,69
2103.5,59
2104.5,41
2105.5,18
2106.5,22
2107.5,0
2108.5,0
2109.5,0
2110.5,0
2111.5,0
2112.5,0
2113.5,0
2114.5,0
2115.5,0
2116.5,0
2117.5,0
2118.5,0
2119.5,0
2120.5,460
2121.5,533
2122.5,488
2123.5,375
2124.5,353
2125.5,277
2126.5,293
2127.5,343
2128.5,315
2129.5,340
2130.5,299
2131.5,0
2132.5,0
2133.5,0
2134.5,0
2135.5,0
2136.5,0
2137.5,0
2138.5,0
2139.5,0
2140.5,0
2141.5,0
2142.5,0
2143.5,0
2144.5,438
2145.5,507
2146.5,593
2147.5,798
2148.5,902
2149.5,917
2150.5,858
2151.5,788
2152.5,703
2153.5,479
2154.5,258
2155.5,0
2156.5,0
2157.5,0
2158.5,0
2159.5,0
2160.5,0
2161.5,0
2162.5,0
2163.5,0
2164.5,0
2165.5,0
2166.5,0
2167.5,0
2168.5,466
2169.5,671
2170.5,817
2171.5,880
2172.5,719
2173.5,605
2174.5,662
2175.5,555
2176.5,589
2177.5,725
2178.5,602
2179.5,0
2180.5,0
2181.5,0
2182.5,0
2183.5,0
2184.5,0
2185.5,0
2186.5,0
2187.5,0
2188.5,0
2189.5,0
2190.5,0
2191.5,0
2192.5,444
2193.5,671
2194.5,817
2195.5,826
2196.5,810
2197.5,722
2198.5,665
2199.5,709
2200.5,722
2201.5,675
2202.5,517
2203.5,0
2204.5,0
2205.5,0
2206.5,0
2207.5,0
2208.5,0
2209.5,0
2210.5,0
2211.5,0
2212.5,0
2213.5,0
2214.5,0
2215.5,0
2216.5,574
2217.5,703
2218.5,794
2219.5,864
2220.5,902
2221.5,914
2222.5,902
2223.5,858
2224.5,788
2225.5,694
2226.5,561
2227.5,0
2228.5,0
2229.5,0
2230.5,0
2231.5,0
2232.5,0
2233.5,0
2234.5,0
2235.5,0
2236.5,0
2237.5,0
2238.5,0
2239.5,0
2240.5,577
2241.5,703
2242.5,798
2243.5,864
2244.5,905
2245.5,917
2246.5,902
2247.5,858
2248.5,791
2249.5,694
2250.5,561
2251.5,0
2252.5,0
2253.5,0
2254.5,0
2255.5,0
2256.5,0
2257.5,0
2258.5,0
2259.5,0
2260.5,0
2261.5,0
2262.5,0
2263.5,0
2264.5,577
2265.5,706
2266.5,798
2267.5,864
2268.5,905
2269.5,917
2270.5,902
2271.5,858
2272.5,788
2273.5,694
2274.5,561
2275.5,0
2276.5,0
2277.5,0
2278.5,0
2279.5,0
2280.5,0
2281.5,0
2282.5,0
2283.5,0
2284.5,0
2285.5,0
2286.5,0
2287.5,0
2288.5,211
2289.5,138
2290.5,160
2291.5,523
2292.5,744
2293.5,782
2294.5,845
2295.5,813
2296.5,735
2297.5,511
2298.5,198
2299.5,0
2300.5,0
2301.5,0
2302.5,0
2303.5,0
2304.5,0
2305.5,0
2306.5,0
2307.5,0
2308.5,0
2309.5,0
2310.5,0
2311.5,0
2312.5,91
2313.5,126
2314.5,198
2315.5,164
2316.5,141
2317.5,271
2318.5,252
2319.5,233
2320.5,242
2321.5,173
2322.5,129
2323.5,0
2324.5,0
2325.5,0
2326.5,0
2327.5,0
2328.5,0
2329.5,0
2330.5,0
2331.5,0
2332.5,0
2333.5,0
2334.5,0
2335.5,0
2336.5,28
2337.5,18
2338.5,22
2339.5,47
2340.5,50
2341.5,22
2342.5,9
2343.5,9
2344.5,6
2345.5,6
2346.5,12
2347.5,0
2348.5,0
2349.5,0
2350.5,0
2351.5,0
2352.5,0
2353.5,0
2354.5,0
2355.5,0
2356.5,0
2357.5,0
2358.5,0
2359.5,0
2360.5,9
2361.5,9
2362.5,15
2363.5,15
2364.5,12
2365.5,12
2366.5,18
2367.5,18
2368.5,15
2369.5,28
2370.5,34
2371.5,0
2372.5,0
2373.5,0
2374.5,0
2375.5,0
2376.5,0
2377.5,0
2378.5,0
2379.5,0
2380.5,0
2381.5,0
2382.5,0
2383.5,0
2384.5,593
2385.5,716
2386.5,807
2387.5,873
2388.5,911
2389.5,924
2390.5,908
2391.5,864
2392.5,794
2393.5,700
2394.5,570
2395.5,0
2396.5,0
2397.5,0
2398.5,0
2399.5,0
2400.5,0
2401.5,0
2402.5,0
2403.5,0
2404.5,0
2405.5,0
2406.5,0
2407.5,0
2408.5,529
2409.5,719
2410.5,817
2411.5,848
2412.5,895
2413.5,839
2414.5,769
2415.5,709
2416.5,649
2417.5,649
2418.5,586
2419.5,0
2420.5,0
2421.5,0
2422.5,0
2423.5,0
2424.5,0
2425.5,0
2426.5,0
2427.5,0
2428.5,0
2429.5,0
2430.5,0
2431.5,0
2432.5,599
2433.5,719
2434.5,810
2435.5,876
2436.5,914
2437.5,927
2438.5,908
2439.5,867
2440.5,794
2441.5,700
2442.5,570
2443.5,0
2444.5,0
2445.5,0
2446.5,0
2447.5,0
2448.5,0
2449.5,0
2450.5,0
2451.5,0
2452.5,0
2453.5,0
2454.5,0
2455.5,0
2456.5,334
2457.5,583
2458.5,813
2459.5,750
2460.5,785
2461.5,684
2462.5,548
2463.5,618
2464.5,747
2465.5,649
2466.5,353
2467.5,0
2468.5,0
2469.5,0
2470.5,0
2471.5,0
2472.5,0
2473.5,0
2474.5,0
2475.5,0
2476.5,0
2477.5,0
2478.5,0
2479.5,0
2480.5,602
2481.5,722
2482.5,813
2483.5,876
2484.5,917
2485.5,927
2486.5,911
2487.5,867
2488.5,798
2489.5,703
2490.5,574
2491.5,0
2492.5,0
2493.5,0
2494.5,0
2495.5,0
2496.5,0
2497.5,0
2498.5,0
2499.5,0
2500.5,0
2501.5,0
2502.5,0
2503.5,0
2504.5,605
2505.5,725
2506.5,813
2507.5,880
2508.5,917
2509.5,930
2510.5,911
2511.5,867
2512.5,798
2513.5,703
2514.5,577
2515.5,0
2516.5,0
2517.5,0
2518.5,0
2519.5,0
2520.5,0
2521.5,0
2522.5,0
2523.5,0
2524.5,0
2525.5,0
2526.5,0
2527.5,479
2528.5,608
2529.5,728
2530.5,817
2531.5,880
2532.5,917
2533.5,930
2534.5,911
2535.5,867
2536.5,798
2537.5,706
2538.5,577
2539.5,0
2540.5,0
2541.5,0
2542.5,0
2543.5,0
2544.5,0
2545.5,0
2546.5,0
2547.5,0
2548.5,0
2549.5,0
2550.5,0
2551.5,201
2552.5,331
2553.5,567
2554.5,586
2555.5,662
2556.5,854
2557.5,848
2558.5,788
2559.5,697
2560.5,611
2561.5,419
2562.5,214
2563.5,0
2564.5,0
2565.5,0
2566.5,0
2567.5,0
2568.5,0
2569.5,0
2570.5,0
2571.5,0
2572.5,0
2573.5,0
2574.5,0
2575.5,53
2576.5,182
2577.5,599
2578.5,511
2579.5,151
2580.5,25
2581.5,25
2582.5,25
2583.5,37
2584.5,157
2585.5,129
2586.5,25
2587.5,0
2588.5,0
2589.5,0
2590.5,0
2591.5,0
2592.5,0
2593.5,0
2594.5,0
2595.5,0
2596.5,0
2597.5,0
2598.5,0
2599.5,9
2600.5,37
2601.5,41
2602.5,59
2603.5,59
2604.5,66
2605.5,129
2606.5,110
2607.5,126
2608.5,145
2609.5,88
2610.5,47
2611.5,0
2612.5,0
2613.5,0
2614.5,0
2615.5,0
2616.5,0
2617.5,0
2618.5,0
2619.5,0
2620.5,0
2621.5,0
2622.5,0
2623.5,18
2624.5,12
2625.5,15
2626.5,15
2627.5,15
2628.5,9
2629.5,12
2630.5,15
2631.5,12
2632.5,12
2633.5,12
2634.5,12
2635.5,0
2636.5,0
2637.5,0
2638.5,0
2639.5,0
2640.5,0
2641.5,0
2642.5,0
2643.5,0
2644.5,0
2645.5,0
2646.5,0
2647.5,0
2648.5,0
2649.5,0
2650.5,0
2651.5,0
2652.5,0
2653.5,0
2654.5,0
2655.5,0
2656.5,0
2657.5,0
2658.5,0
2659.5,0
2660.5,0
2661.5,0
2662.5,0
2663.5,0
2664.5,0
2665.5,0
2666.5,0
2667.5,0
2668.5,0
2669.5,0
2670.5,0
2671.5,53
2672.5,63
2673.5,56
2674.5,63
2675.5,113
2676.5,353
2677.5,242
2678.5,72
2679.5,141
2680.5,195
2681.5,110
2682.5,28
2683.5,0
2684.5,0
2685.5,0
2686.5,0
2687.5,0
2688.5,0
2689.5,0
2690.5,0
2691.5,0
2692.5,0
2693.5,0
2694.5,0
2695.5,59
2696.5,82
2697.5,69
2698.5,214
2699.5,646
2700.5,675
2701.5,567
2702.5,457
2703.5,328
2704.5,223
2705.5,135
2706.5,78
2707.5,0
2708.5,0
2709.5,0
2710.5,0
2711.5,0
2712.5,0
2713.5,0
2714.5,0
2715.5,0
2716.5,0
2717.5,0
2718.5,0
2719.5,473
2720.5,624
2721.5,738
2722.5,826
2723.5,889
2724.5,927
2725.5,936
2726.5,917
2727.5,873
2728.5,804
2729.5,709
2730.5,586
2731.5,0
2732.5,0
2733.5,0
2734.5,0
2735.5,0
2736.5,0
2737.5,0
2738.5,0
2739.5,0
2740.5,0
2741.5,0
2742.5,0
2743.5,353
2744.5,627
2745.5,700
2746.5,820
2747.5,712
2748.5,675
2749.5,583
2750.5,429
2751.5,384
2752.5,318
2753.5,157
2754.5,72
2755.5,0
2756.5,0
2757.5,0
2758.5,0
2759.5,0
2760.5,0
2761.5,0
2762.5,0
2763.5,0
2764.5,0
2765.5,0
2766.5,0
2767.5,88
2768.5,63
2769.5,37
2770.5,66
2771.5,82
2772.5,107
2773.5,148
2774.5,132
2775.5,138
2776.5,104
2777.5,195
2778.5,192
2779.5,0
2780.5,0
2781.5,0
2782.5,0
2783.5,0
2784.5,0
2785.5,0
2786.5,0
2787.5,0
2788.5,0
2789.5,0
2790.5,0
2791.5,233
2792.5,425
2793.5,498
2794.5,476
2795.5,353
2796.5,249
2797.5,388
2798.5,570
2799.5,671
2800.5,602
2801.5,470
2802.5,280
2803.5,0
2804.5,0
2805.5,0
2806.5,0
2807.5,0
2808.5,0
2809.5,0
2810.5,0
2811.5,0
2812.5,0
2813.5,0
2814.5,0
2815.5,59
2816.5,66
2817.5,160
2818.5,268
2819.5,523
2820.5,722
2821.5,624
2822.5,700
2823.5,470
2824.5,129
2825.5,25
2826.5,15
2827.5,0
2828.5,0
2829.5,0
2830.5,0
2831.5,0
2832.5,0
2833.5,0
2834.5,0
2835.5,0
2836.5,0
2837.5,0
2838.5,0
2839.5,492
2840.5,630
2841.5,744
2842.5,829
2843.5,892
2844.5,930
2845.5,940
2846.5,921
2847.5,876
2848.5,807
2849.5,712
2850.5,593
2851.5,0
2852.5,0
2853.5,0
2854.5,0
2855.5,0
2856.5,0
2857.5,0
2858.5,0
2859.5,0
2860.5,0
2861.5,0
2862.5,0
2863.5,492
2864.5,634
2865.5,744
2866.5,829
2867.5,892
2868.5,930
2869.5,940
2870.5,924
2871.5,876
2872.5,807
2873.5,712
2874.5,593
2875.5,441
2876.5,0
2877.5,0
2878.5,0
2879.5,0
2880.5,0
2881.5,0
2882.5,0
2883.5,0
2884.5,0
2885.5,0
2886.5,0
2887.5,470
2888.5,608
2889.5,716
2890.5,801
2891.5,861
2892.5,899
2893.5,908
2894.5,889
2895.5,845
2896.5,776
2897.5,684
2898.5,567
2899.5,416
2900.5,0
2901.5,0
2902.5,0
2903.5,0
2904.5,0
2905.5,0
2906.5,0
2907.5,0
2908.5,0
2909.5,0
2910.5,0
2911.5,41
2912.5,164
2913.5,211
2914.5,460
2915.5,728
2916.5,662
2917.5,690
2918.5,649
2919.5,507
2920.5,457
2921.5,283
2922.5,94
2923.5,31
2924.5,0
2925.5,0
2926.5,0
2927.5,0
2928.5,0
2929.5,0
2930.5,0
2931.5,0
2932.5,0
2933.5,0
2934.5,0
2935.5,97
2936.5,116
2937.5,195
2938.5,482
2939.5,558
2940.5,460
2941.5,372
2942.5,290
2943.5,211
2944.5,170
2945.5,148
2946.5,164
2947.5,170
2948.5,0
2949.5,0
2950.5,0
2951.5,0
2952.5,0
2953.5,0
2954.5,0
2955.5,0
2956.5,0
2957.5,0
2958.5,0
2959.5,495
2960.5,646
2961.5,750
2962.5,776
2963.5,851
2964.5,911
2965.5,845
2966.5,804
2967.5,807
2968.5,735
2969.5,649
2970.5,529
2971.5,375
2972.5,0
2973.5,0
2974.5,0
2975.5,0
2976.5,0
2977.5,0
2978.5,0
2979.5,0
2980.5,0
2981.5,0
2982.5,0
2983.5,356
2984.5,375
2985.5,678
2986.5,820
2987.5,817
2988.5,750
2989.5,753
2990.5,602
2991.5,567
2992.5,712
2993.5,681
2994.5,577
2995.5,470
2996.5,0
2997.5,0
2998.5,0
2999.5,0
3000.5,0
3001.5,0
3002.5,0
3003.5,0
3004.5,0
3005.5,0
3006.5,0
3007.5,485
3008.5,624
3009.5,731
3010.5,810
3011.5,870
3012.5,905
3013.5,914
3014.5,895
3015.5,854
3016.5,785
3017.5,700
3018.5,583
3019.5,425
3020.5,0
3021.5,0
3022.5,0
3023.5,0
3024.5,0
3025.5,0
3026.5,0
3027.5,0
3028.5,0
3029.5,0
3030.5,0
3031.5,116
3032.5,372
3033.5,479
3034.5,589
3035.5,608
3036.5,716
3037.5,839
3038.5,845
3039.5,776
3040.5,766
3041.5,728
3042.5,514
3043.5,261
3044.5,0
3045.5,0
3046.5,0
3047.5,0
3048.5,0
3049.5,0
3050.5,0
3051.5,0
3052.5,0
3053.5,0
3054.5,0
3055.5,488
3056.5,627
3057.5,731
3058.5,813
3059.5,870
3060.5,905
3061.5,914
3062.5,899
3063.5,854
3064.5,788
3065.5,700
3066.5,586
3067.5,425
3068.5,0
3069.5,0
3070.5,0
3071.5,0
3072.5,0
3073.5,0
3074.5,0
3075.5,0
3076.5,0
3077.5,0
3078.5,0
3079.5,488
3080.5,627
3081.5,731
3082.5,813
3083.5,873
3084.5,908
3085.5,914
3086.5,899
3087.5,854
3088.5,788
3089.5,700
3090.5,586
3091.5,422
3092.5,0
3093.5,0
3094.5,0
3095.5,0
3096.5,0
3097.5,0
3098.5,0
3099.5,0
3100.5,0
3101.5,0
3102.5,0
3103.5,492
3104.5,630
3105.5,731
3106.5,813
3107.5,873
3108.5,908
3109.5,914
3110.5,899
3111.5,854
3112.5,788
3113.5,700
3114.5,589
3115.5,422
3116.5,0
3117.5,0
3118.5,0
3119.5,0
3120.5,0
3121.5,0
3122.5,0
3123.5,0
3124.5,0
3125.5,0
3126.5,0
3127.5,126
3128.5,230
3129.5,403
3130.5,482
3131.5,321
3132.5,271
3133.5,214
3134.5,264
3135.5,192
3136.5,148
3137.5,110
3138.5,53
3139.5,47
3140.5,0
3141.5,0
3142.5,0
3143.5,0
3144.5,0
3145.5,0
3146.5,0
3147.5,0
3148.5,0
3149.5,0
3150.5,0
3151.5,82
3152.5,340
3153.5,356
3154.5,498
3155.5,763
3156.5,630
3157.5,611
3158.5,542
3159.5,340
3160.5,454
3161.5,321
3162.5,160
3163.5,132
3164.5,0
3165.5,0
3166.5,0
3167.5,0
3168.5,0
3169.5,0
3170.5,0
3171.5,0
3172.5,0
3173.5,0
3174.5,0
3175.5,12
3176.5,18
3177.5,15
3178.5,22
3179.5,25
3180.5,22
3181.5,18
3182.5,15
3183.5,18
3184.5,31
3185.5,28
3186.5,15
3187.5,12
3188.5,0
3189.5,0
3190.5,0
3191.5,0
3192.5,0
3193.5,0
3194.5,0
3195.5,0
3196.5,0
3197.5,0
3198.5,0
3199.5,22
3200.5,15
3201.5,22
3202.5,34
3203.5,198
3204.5,126
3205.5,88
3206.5,69
3207.5,37
3208.5,44
3209.5,44
3210.5,41
3211.5,28
3212.5,0
3213.5,0
3214.5,0
3215.5,0
3216.5,0
3217.5,0
3218.5,0
3219.5,0
3220.5,0
3221.5,0
3222.5,0
3223.5,479
3224.5,255
3225.5,239
3226.5,151
3227.5,290
3228.5,324
3229.5,299
3230.5,189
3231.5,123
3232.5,107
3233.5,179
3234.5,176
3235.5,129
3236.5,0
3237.5,0
3238.5,0
3239.5,0
3240.5,0
3241.5,0
3242.5,0
3243.5,0
3244.5,0
3245.5,0
3246.5,0
3247.5,3
3248.5,12
3249.5,15
3250.5,15
3251.5,15
3252.5,9
3253.5,6
3254.5,3
3255.5,12
3256.5,18
3257.5,50
3258.5,37
3259.5,9
3260.5,0
3261.5,0
3262.5,0
3263.5,0
3264.5,0
3265.5,0
3266.5,0
3267.5,0
3268.5,0
3269.5,0
3270.5,0
3271.5,31
3272.5,66
3273.5,97
3274.5,63
3275.5,69
3276.5,85
3277.5,69
3278.5,59
3279.5,66
3280.5,97
3281.5,97
3282.5,72
3283.5,59
3284.5,0
3285.5,0
3286.5,0
3287.5,0
3288.5,0
3289.5,0
3290.5,0
3291.5,0
3292.5,0
3293.5,0
3294.5,0
3295.5,498
3296.5,637
3297.5,738
3298.5,817
3299.5,876
3300.5,911
3301.5,917
3302.5,902
3303.5,858
3304.5,791
3305.5,706
3306.5,596
3307.5,429
3308.5,0
3309.5,0
3310.5,0
3311.5,0
3312.5,0
3313.5,0
3314.5,0
3315.5,0
3316.5,0
3317.5,0
3318.5,0
3319.5,495
3320.5,665
3321.5,646
3322.5,627
3323.5,731
3324.5,763
3325.5,779
3326.5,842
3327.5,706
3328.5,605
3329.5,586
3330.5,454
3331.5,280
3332.5,0
3333.5,0
3334.5,0
3335.5,0
3336.5,0
3337.5,0
3338.5,0
3339.5,0
3340.5,0
3341.5,0
3342.5,0
3343.5,182
3344.5,182
3345.5,236
3346.5,482
3347.5,750
3348.5,902
3349.5,870
3350.5,611
3351.5,507
3352.5,394
3353.5,482
3354.5,429
3355.5,280
3356.5,0
3357.5,0
3358.5,0
3359.5,0
3360.5,0
3361.5,0
3362.5,0
3363.5,0
3364.5,0
3365.5,0
3366.5,0
3367.5,501
3368.5,637
3369.5,738
3370.5,817
3371.5,876
3372.5,911
3373.5,917
3374.5,902
3375.5,858
3376.5,794
3377.5,706
3378.5,599
3379.5,435
3380.5,0
3381.5,0
3382.5,0
3383.5,0
3384.5,0
3385.5,0
3386.5,0
3387.5,0
3388.5,0
3389.5,0
3390.5,0
3391.5,504
3392.5,637
3393.5,738
3394.5,817
3395.5,876
3396.5,911
3397.5,921
3398.5,902
3399.5,861
3400.5,794
3401.5,706
3402.5,599
3403.5,438
3404.5,0
3405.5,0
3406.5,0
3407.5,0
3408.5,0
3409.5,0
3410.5,0
3411.5,0
3412.5,0
3413.5,0
3414.5,0
3415.5,504
3416.5,640
3417.5,741
3418.5,817
3419.5,876
3420.5,911
3421.5,921
3422.5,902
3423.5,861
3424.5,794
3425.5,709
3426.5,599
3427.5,438
3428.5,0
3429.5,0
3430.5,0
3431.5,0
3432.5,0
3433.5,0
3434.5,0
3435.5,0
3436.5,0
3437.5,0
3438.5,0
3439.5,504
3440.5,640
3441.5,738
3442.5,820
3443.5,876
3444.5,911
3445.5,921
3446.5,902
3447.5,861
3448.5,794
3449.5,709
3450.5,602
3451.5,441
3452.5,0
3453.5,0
3454.5,0
3455.5,0
3456.5,0
3457.5,0
3458.5,0
3459.5,0
3460.5,0
3461.5,0
3462.5,0
3463.5,78
3464.5,88
3465.5,217
3466.5,542
3467.5,353
3468.5,264
3469.5,268
3470.5,164
3471.5,129
3472.5,110
3473.5,170
3474.5,186
3475.5,170
3476.5,0
3477.5,0
3478.5,0
3479.5,0
3480.5,0
3481.5,0
3482.5,0
3483.5,0
3484.5,0
3485.5,0
3486.5,0
3487.5,201
3488.5,305
3489.5,192
3490.5,135
3491.5,198
3492.5,447
3493.5,649
3494.5,791
3495.5,646
3496.5,589
3497.5,375
3498.5,176
3499.5,132
3500.5,0
3501.5,0
3502.5,0
3503.5,0
3504.5,0
3505.5,0
3506.5,0
3507.5,0
3508.5,0
3509.5,0
3510.5,0
3511.5,507
3512.5,640
3513.5,741
3514.5,820
3515.5,876
3516.5,911
3517.5,921
3518.5,902
3519.5,861
3520.5,798
3521.5,712
3522.5,605
3523.5,447
3524.5,0
3525.5,0
3526.5,0
3527.5,0
3528.5,0
3529.5,0
3530.5,0
3531.5,0
3532.5,0
3533.5,0
3534.5,0
3535.5,507
3536.5,640
3537.5,741
3538.5,820
3539.5,876
3540.5,911
3541.5,921
3542.5,902
3543.5,861
3544.5,798
3545.5,712
3546.5,605
3547.5,447
3548.5,0
3549.5,0
3550.5,0
3551.5,0
3552.5,0
3553.5,0
3554.5,0
3555.5,0
3556.5,0
3557.5,0
3558.5,0
3559.5,507
3560.5,640
3561.5,741
3562.5,820
3563.5,876
3564.5,911
3565.5,921
3566.5,902
3567.5,861
3568.5,798
3569.5,712
3570.5,605
3571.5,451
3572.5,0
3573.5,0
3574.5,0
3575.5,0
3576.5,0
3577.5,0
3578.5,0
3579.5,0
3580.5,0
3581.5,0
3582.5,0
3583.5,501
3584.5,634
3585.5,735
3586.5,813
3587.5,851
3588.5,899
3589.5,858
3590.5,867
3591.5,826
3592.5,772
3593.5,706
3594.5,599
3595.5,444
3596.5,0
3597.5,0
3598.5,0
3599.5,0
3600.5,0
3601.5,0
3602.5,0
3603.5,0
3604.5,0
3605.5,0
3606.5,0
3607.5,460
3608.5,580
3609.5,634
3610.5,719
3611.5,854
3612.5,914
3613.5,873
3614.5,839
3615.5,807
3616.5,788
3617.5,662
3618.5,511
3619.5,400
3620.5,0
3621.5,0
3622.5,0
3623.5,0
3624.5,0
3625.5,0
3626.5,0
3627.5,0
3628.5,0
3629.5,0
3630.5,0
3631.5,391
3632.5,539
3633.5,728
3634.5,835
3635.5,709
3636.5,643
3637.5,753
3638.5,798
3639.5,738
3640.5,684
3641.5,653
3642.5,451
3643.5,211
3644.5,0
3645.5,0
3646.5,0
3647.5,0
3648.5,0
3649.5,0
3650.5,0
3651.5,0
3652.5,0
3653.5,0
3654.5,0
3655.5,66
3656.5,82
3657.5,132
3658.5,331
3659.5,277
3660.5,167
3661.5,132
3662.5,135
3663.5,91
3664.5,53
3665.5,59
3666.5,78
3667.5,78
3668.5,0
3669.5,0
3670.5,0
3671.5,0
3672.5,0
3673.5,0
3674.5,0
3675.5,0
3676.5,0
3677.5,0
3678.5,0
3679.5,72
3680.5,72
3681.5,110
3682.5,211
3683.5,148
3684.5,97
3685.5,211
3686.5,381
3687.5,249
3688.5,129
3689.5,129
3690.5,91
3691.5,78
3692.5,0
3693.5,0
3694.5,0
3695.5,0
3696.5,0
3697.5,0
3698.5,0
3699.5,0
3700.5,0
3701.5,0
3702.5,0
3703.5,6
3704.5,6
3705.5,6
3706.5,9
3707.5,6
3708.5,3
3709.5,6
3710.5,6
3711.5,3
3712.5,6
3713.5,6
3714.5,3
3715.5,3
3716.5,0
3717.5,0
3718.5,0
3719.5,0
3720.5,0
3721.5,0
3722.5,0
3723.5,0
3724.5,0
3725.5,0
3726.5,0
3727.5,0
3728.5,3
3729.5,3
3730.5,3
3731.5,6
3732.5,6
3733.5,6
3734.5,6
3735.5,3
3736.5,3
3737.5,3
3738.5,3
3739.5,3
3740.5,0
3741.5,0
3742.5,0
3743.5,0
3744.5,0
3745.5,0
3746.5,0
3747.5,0
3748.5,0
3749.5,0
3750.5,0
3751.5,56
3752.5,50
3753.5,53
3754.5,50
3755.5,88
3756.5,135
3757.5,113
3758.5,56
3759.5,31
3760.5,28
3761.5,41
3762.5,41
3763.5,31
3764.5,0
3765.5,0
3766.5,0
3767.5,0
3768.5,0
3769.5,0
3770.5,0
3771.5,0
3772.5,0
3773.5,0
3774.5,0
3775.5,574
3776.5,659
3777.5,618
3778.5,719
3779.5,653
3780.5,630
3781.5,744
3782.5,829
3783.5,785
3784.5,615
3785.5,514
3786.5,558
3787.5,495
3788.5,0
3789.5,0
3790.5,0
3791.5,0
3792.5,0
3793.5,0
3794.5,0
3795.5,0
3796.5,0
3797.5,0
3798.5,0
3799.5,507
3800.5,634
3801.5,728
3802.5,807
3803.5,864
3804.5,895
3805.5,905
3806.5,889
3807.5,851
3808.5,788
3809.5,706
3810.5,605
3811.5,463
3812.5,0
3813.5,0
3814.5,0
3815.5,0
3816.5,0
3817.5,0
3818.5,0
3819.5,0
3820.5,0
3821.5,0
3822.5,0
3823.5,507
3824.5,634
3825.5,728
3826.5,804
3827.5,861
3828.5,895
3829.5,905
3830.5,889
3831.5,851
3832.5,788
3833.5,706
3834.5,605
3835.5,466
3836.5,0
3837.5,0
3838.5,0
3839.5,0
3840.5,0
3841.5,0
3842.5,0
3843.5,0
3844.5,0
3845.5,0
3846.5,0
3847.5,507
3848.5,634
3849.5,728
3850.5,804
3851.5,861
3852.5,895
3853.5,905
3854.5,889
3855.5,851
3856.5,788
3857.5,706
3858.5,605
3859.5,466
3860.5,0
3861.5,0
3862.5,0
3863.5,0
3864.5,0
3865.5,0
3866.5,0
3867.5,0
3868.5,0
3869.5,0
3870.5,0
3871.5,533
3872.5,659
3873.5,753
3874.5,817
3875.5,873
3876.5,835
3877.5,848
3878.5,794
3879.5,741
3880.5,678
3881.5,637
3882.5,611
3883.5,507
3884.5,0
3885.5,0
3886.5,0
3887.5,0
3888.5,0
3889.5,0
3890.5,0
3891.5,0
3892.5,0
3893.5,0
3894.5,0
3895.5,507
3896.5,634
3897.5,728
3898.5,804
3899.5,861
3900.5,895
3901.5,905
3902.5,889
3903.5,851
3904.5,788
3905.5,709
3906.5,608
3907.5,470
3908.5,0
3909.5,0
3910.5,0
3911.5,0
3912.5,0
3913.5,0
3914.5,0
3915.5,0
3916.5,0
3917.5,0
3918.5,0
3919.5,466
3920.5,498
3921.5,602
3922.5,716
3923.5,845
3924.5,886
3925.5,687
3926.5,577
3927.5,583
3928.5,561
3929.5,583
3930.5,567
3931.5,375
3932.5,0
3933.5,0
3934.5,0
3935.5,0
3936.5,0
3937.5,0
3938.5,0
3939.5,0
3940.5,0
3941.5,0
3942.5,0
3943.5,495
3944.5,621
3945.5,719
3946.5,798
3947.5,854
3948.5,892
3949.5,902
3950.5,886
3951.5,845
3952.5,782
3953.5,700
3954.5,599
3955.5,457
3956.5,0
3957.5,0
3958.5,0
3959.5,0
3960.5,0
3961.5,0
3962.5,0
3963.5,0
3964.5,0
3965.5,0
3966.5,0
3967.5,82
3968.5,261
3969.5,640
3970.5,832
3971.5,785
3972.5,564
3973.5,356
3974.5,328
3975.5,432
3976.5,359
3977.5,410
3978.5,435
3979.5,252
3980.5,0
3981.5,0
3982.5,0
3983.5,0
3984.5,0
3985.5,0
3986.5,0
3987.5,0
3988.5,0
3989.5,0
3990.5,0
3991.5,517
3992.5,517
3993.5,498
3994.5,356
3995.5,454
3996.5,432
3997.5,353
3998.5,255
3999.5,179
4000.5,343
4001.5,343
4002.5,195
4003.5,205
4004.5,0
4005.5,0
4006.5,0
4007.5,0
4008.5,0
4009.5,0
4010.5,0
4011.5,0
4012.5,0
4013.5,0
4014.5,0
4015.5,44
4016.5,223
4017.5,217
4018.5,110
4019.5,47
4020.5,28
4021.5,189
4022.5,388
4023.5,438
4024.5,252
4025.5,63
4026.5,37
4027.5,50
4028.5,0
4029.5,0
4030.5,0
4031.5,0
4032.5,0
4033.5,0
4034.5,0
4035.5,0
4036.5,0
4037.5,0
4038.5,0
4039.5,498
4040.5,624
4041.5,722
4042.5,798
4043.5,858
4044.5,892
4045.5,902
4046.5,886
4047.5,848
4048.5,785
4049.5,703
4050.5,602
4051.5,466
4052.5,0
4053.5,0
4054.5,0
4055.5,0
4056.5,0
4057.5,0
4058.5,0
4059.5,0
4060.5,0
4061.5,0
4062.5,0
4063.5,504
4064.5,630
4065.5,728
4066.5,804
4067.5,861
4068.5,895
4069.5,905
4070.5,889
4071.5,851
4072.5,791
4073.5,712
4074.5,611
4075.5,476
4076.5,0
4077.5,0
4078.5,0
4079.5,0
4080.5,0
4081.5,0
4082.5,0
4083.5,0
4084.5,0
4085.5,0
4086.5,0
4087.5,504
4088.5,630
4089.5,725
4090.5,804
4091.5,861
4092.5,895
4093.5,905
4094.5,889
4095.5,851
4096.5,791
4097.5,712
4098.5,611
4099.5,479
4100.5,0
4101.5,0
4102.5,0
4103.5,0
4104.5,0
4105.5,0
4106.5,0
4107.5,0
4108.5,0
4109.5,0
4110.5,0
4111.5,504
4112.5,630
4113.5,725
4114.5,804
4115.5,861
4116.5,895
4117.5,905
4118.5,889
4119.5,851
4120.5,791
4121.5,712
4122.5,611
4123.5,479
4124.5,0
4125.5,0
4126.5,0
4127.5,0
4128.5,0
4129.5,0
4130.5,0
4131.5,0
4132.5,0
4133.5,0
4134.5,0
4135.5,504
4136.5,630
4137.5,725
4138.5,801
4139.5,861
4140.5,895
4141.5,905
4142.5,889
4143.5,851
4144.5,791
4145.5,712
4146.5,611
4147.5,479
4148.5,0
4149.5,0
4150.5,0
4151.5,0
4152.5,0
4153.5,0
4154.5,0
4155.5,0
4156.5,0
4157.5,0
4158.5,0
4159.5,504
4160.5,630
4161.5,725
4162.5,801
4163.5,858
4164.5,895
4165.5,905
4166.5,889
4167.5,851
4168.5,791
4169.5,712
4170.5,615
4171.5,479
4172.5,0
4173.5,0
4174.5,0
4175.5,0
4176.5,0
4177.5,0
4178.5,0
4179.5,0
4180.5,0
4181.5,0
4182.5,0
4183.5,501
4184.5,630
4185.5,725
4186.5,801
4187.5,858
4188.5,895
4189.5,905
4190.5,889
4191.5,851
4192.5,791
4193.5,712
4194.5,615
4195.5,479
4196.5,0
4197.5,0
4198.5,0
4199.5,0
4200.5,0
4201.5,0
4202.5,0
4203.5,0
4204.5,0
4205.5,0
4206.5,0
4207.5,501
4208.5,630
4209.5,725
4210.5,801
4211.5,858
4212.5,892
4213.5,905
4214.5,889
4215.5,851
4216.5,791
4217.5,712
4218.5,615
4219.5,479
4220.5,0
4221.5,0
4222.5,0
4223.5,0
4224.5,0
4225.5,0
4226.5,0
4227.5,0
4228.5,0
4229.5,0
4230.5,0
4231.5,501
4232.5,627
4233.5,722
4234.5,801
4235.5,858
4236.5,892
4237.5,905
4238.5,889
4239.5,851
4240.5,791
4241.5,712
4242.5,615
4243.5,482
4244.5,0
4245.5,0
4246.5,0
4247.5,0
4248.5,0
4249.5,0
4250.5,0
4251.5,0
4252.5,0
4253.5,0
4254.5,0
4255.5,498
4256.5,627
4257.5,722
4258.5,801
4259.5,858
4260.5,892
4261.5,905
4262.5,889
4263.5,851
4264.5,791
4265.5,712
4266.5,615
4267.5,482
4268.5,0
4269.5,0
4270.5,0
4271.5,0
4272.5,0
4273.5,0
4274.5,0
4275.5,0
4276.5,0
4277.5,0
4278.5,0
4279.5,501
4280.5,627
4281.5,722
4282.5,801
4283.5,858
4284.5,892
4285.5,905
4286.5,889
4287.5,851
4288.5,791
4289.5,712
4290.5,615
4291.5,482
4292.5,0
4293.5,0
4294.5,0
4295.5,0
4296.5,0
4297.5,0
4298.5,0
4299.5,0
4300.5,0
4301.5,0
4302.5,0
4303.5,498
4304.5,624
4305.5,722
4306.5,801
4307.5,858
4308.5,892
4309.5,905
4310.5,889
4311.5,851
4312.5,791
4313.5,712
4314.5,615
4315.5,482
4316.5,0
4317.5,0
4318.5,0
4319.5,0
4320.5,0
4321.5,0
4322.5,0
4323.5,0
4324.5,0
4325.5,0
4326.5,0
4327.5,381
4328.5,451
4329.5,608
4330.5,744
4331.5,835
4332.5,864
4333.5,883
4334.5,861
4335.5,753
4336.5,671
4337.5,552
4338.5,492
4339.5,488
4340.5,0
4341.5,0
4342.5,0
4343.5,0
4344.5,0
4345.5,0
4346.5,0
4347.5,0
4348.5,0
4349.5,0
4350.5,0
4351.5,498
4352.5,624
4353.5,722
4354.5,798
4355.5,858
4356.5,892
4357.5,905
4358.5,889
4359.5,851
4360.5,791
4361.5,712
4362.5,615
4363.5,482
4364.5,0
4365.5,0
4366.5,0
4367.5,0
4368.5,0
4369.5,0
4370.5,0
4371.5,0
4372.5,0
4373.5,0
4374.5,0
4375.5,495
4376.5,624
4377.5,722
4378.5,798
4379.5,858
4380.5,892
4381.5,902
4382.5,889
4383.5,851
4384.5,794
4385.5,712
4386.5,615
4387.5,482
4388.5,0
4389.5,0
4390.5,0
4391.5,0
4392.5,0
4393.5,0
4394.5,0
4395.5,0
4396.5,0
4397.5,0
4398.5,0
4399.5,495
4400.5,624
4401.5,722
4402.5,798
4403.5,854
4404.5,892
4405.5,902
4406.5,889
4407.5,851
4408.5,791
4409.5,716
4410.5,615
4411.5,482
4412.5,0
4413.5,0
4414.5,0
4415.5,0
4416.5,0
4417.5,0
4418.5,0
4419.5,0
4420.5,0
4421.5,0
4422.5,0
4423.5,492
4424.5,621
4425.5,719
4426.5,798
4427.5,854
4428.5,892
4429.5,905
4430.5,889
4431.5,851
4432.5,794
4433.5,716
4434.5,615
4435.5,482
4436.5,0
4437.5,0
4438.5,0
4439.5,0
4440.5,0
4441.5,0
4442.5,0
4443.5,0
4444.5,0
4445.5,0
4446.5,0
4447.5,495
4448.5,621
4449.5,719
4450.5,798
4451.5,854
4452.5,892
4453.5,902
4454.5,889
4455.5,851
4456.5,791
4457.5,712
4458.5,615
4459.5,482
4460.5,0
4461.5,0
4462.5,0
4463.5,0
4464.5,0
4465.5,0
4466.5,0
4467.5,0
4468.5,0
4469.5,0
4470.5,0
4471.5,195
4472.5,438
4473.5,615
4474.5,757
4475.5,735
4476.5,744
4477.5,779
4478.5,744
4479.5,769
4480.5,637
4481.5,511
4482.5,479
4483.5,290
4484.5,0
4485.5,0
4486.5,0
4487.5,0
4488.5,0
4489.5,0
4490.5,0
4491.5,0
4492.5,0
4493.5,0
4494.5,0
4495.5,492
4496.5,621
4497.5,719
4498.5,798
4499.5,854
4500.5,889
4501.5,902
4502.5,889
4503.5,851
4504.5,794
4505.5,716
4506.5,618
4507.5,485
4508.5,0
4509.5,0
4510.5,0
4511.5,0
4512.5,0
4513.5,0
4514.5,0
4515.5,0
4516.5,0
4517.5,0
4518.5,0
4519.5,488
4520.5,621
4521.5,719
4522.5,794
4523.5,854
4524.5,889
4525.5,902
4526.5,889
4527.5,851
4528.5,791
4529.5,712
4530.5,615
4531.5,482
4532.5,0
4533.5,0
4534.5,0
4535.5,0
4536.5,0
4537.5,0
4538.5,0
4539.5,0
4540.5,0
4541.5,0
4542.5,0
4543.5,186
4544.5,217
4545.5,223
4546.5,277
4547.5,230
4548.5,126
4549.5,97
4550.5,129
4551.5,252
4552.5,274
4553.5,328
4554.5,539
4555.5,451
4556.5,0
4557.5,0
4558.5,0
4559.5,0
4560.5,0
4561.5,0
4562.5,0
4563.5,0
4564.5,0
4565.5,0
4566.5,0
4567.5,488
4568.5,618
4569.5,719
4570.5,794
4571.5,854
4572.5,889
4573.5,902
4574.5,889
4575.5,851
4576.5,794
4577.5,716
4578.5,615
4579.5,482
4580.5,0
4581.5,0
4582.5,0
4583.5,0
4584.5,0
4585.5,0
4586.5,0
4587.5,0
4588.5,0
4589.5,0
4590.5,0
4591.5,485
4592.5,618
4593.5,716
4594.5,794
4595.5,854
4596.5,889
4597.5,902
4598.5,889
4599.5,851
4600.5,794
4601.5,716
4602.5,615
4603.5,482
4604.5,0
4605.5,0
4606.5,0
4607.5,0
4608.5,0
4609.5,0
4610.5,0
4611.5,0
4612.5,0
4613.5,0
4614.5,0
4615.5,485
4616.5,618
4617.5,716
4618.5,794
4619.5,854
4620.5,889
4621.5,902
4622.5,889
4623.5,851
4624.5,791
4625.5,716
4626.5,615
4627.5,482
4628.5,0
4629.5,0
4630.5,0
4631.5,0
4632.5,0
4633.5,0
4634.5,0
4635.5,0
4636.5,0
4637.5,0
4638.5,0
4639.5,485
4640.5,618
4641.5,716
4642.5,794
4643.5,851
4644.5,889
4645.5,902
4646.5,889
4647.5,851
4648.5,791
4649.5,712
4650.5,615
4651.5,482
4652.5,0
4653.5,0
4654.5,0
4655.5,0
4656.5,0
4657.5,0
4658.5,0
4659.5,0
4660.5,0
4661.5,0
4662.5,0
4663.5,482
4664.5,618
4665.5,716
4666.5,794
4667.5,851
4668.5,889
4669.5,902
4670.5,889
4671.5,851
4672.5,791
4673.5,712
4674.5,615
4675.5,479
4676.5,0
4677.5,0
4678.5,0
4679.5,0
4680.5,0
4681.5,0
4682.5,0
4683.5,0
4684.5,0
4685.5,0
4686.5,0
4687.5,482
4688.5,615
4689.5,716
4690.5,791
4691.5,851
4692.5,889
4693.5,902
4694.5,889
4695.5,851
4696.5,791
4697.5,712
4698.5,615
4699.5,479
4700.5,0
4701.5,0
4702.5,0
4703.5,0
4704.5,0
4705.5,0
4706.5,0
4707.5,0
4708.5,0
4709.5,0
4710.5,0
4711.5,479
4712.5,615
4713.5,712
4714.5,791
4715.5,851
4716.5,889
4717.5,902
4718.5,889
4719.5,851
4720.5,791
4721.5,712
4722.5,615
4723.5,479
4724.5,0
4725.5,0
4726.5,0
4727.5,0
4728.5,0
4729.5,0
4730.5,0
4731.5,0
4732.5,0
4733.5,0
4734.5,0
4735.5,479
4736.5,615
4737.5,712
4738.5,791
4739.5,851
4740.5,889
4741.5,902
4742.5,889
4743.5,851
4744.5,791
4745.5,712
4746.5,615
4747.5,479
4748.5,0
4749.5,0
4750.5,0
4751.5,0
4752.5,0
4753.5,0
4754.5,0
4755.5,0
4756.5,0
4757.5,0
4758.5,0
4759.5,466
4760.5,605
4761.5,706
4762.5,785
4763.5,848
4764.5,883
4765.5,899
4766.5,886
4767.5,848
4768.5,788
4769.5,706
4770.5,605
4771.5,466
4772.5,0
4773.5,0
4774.5,0
4775.5,0
4776.5,0
4777.5,0
4778.5,0
4779.5,0
4780.5,0
4781.5,0
4782.5,0
4783.5,72
4784.5,66
4785.5,63
4786.5,66
4787.5,362
4788.5,772
4789.5,766
4790.5,542
4791.5,343
4792.5,176
4793.5,107
4794.5,119
4795.5,164
4796.5,0
4797.5,0
4798.5,0
4799.5,0
4800.5,0
4801.5,0
4802.5,0
4803.5,0
4804.5,0
4805.5,0
4806.5,0
4807.5,25
4808.5,66
4809.5,113
4810.5,113
4811.5,271
4812.5,328
4813.5,176
4814.5,129
4815.5,113
4816.5,91
4817.5,170
4818.5,198
4819.5,91
4820.5,0
4821.5,0
4822.5,0
4823.5,0
4824.5,0
4825.5,0
4826.5,0
4827.5,0
4828.5,0
4829.5,0
4830.5,0
4831.5,391
4832.5,451
4833.5,567
4834.5,750
4835.5,829
4836.5,826
4837.5,753
4838.5,709
4839.5,791
4840.5,807
4841.5,722
4842.5,599
4843.5,438
4844.5,0
4845.5,0
4846.5,0
4847.5,0
4848.5,0
4849.5,0
4850.5,0
4851.5,0
4852.5,0
4853.5,0
4854.5,0
4855.5,132
4856.5,145
4857.5,268
4858.5,403
4859.5,634
4860.5,599
4861.5,583
4862.5,709
4863.5,552
4864.5,406
4865.5,406
4866.5,362
4867.5,107
4868.5,0
4869.5,0
4870.5,0
4871.5,0
4872.5,0
4873.5,0
4874.5,0
4875.5,0
4876.5,0
4877.5,0
4878.5,0
4879.5,28
4880.5,28
4881.5,25
4882.5,25
4883.5,34
4884.5,41
4885.5,28
4886.5,15
4887.5,12
4888.5,18
4889.5,22
4890.5,15
4891.5,15
4892.5,0
4893.5,0
4894.5,0
4895.5,0
4896.5,0
4897.5,0
4898.5,0
4899.5,0
4900.5,0
4901.5,0
4902.5,0
4903.5,470
4904.5,608
4905.5,709
4906.5,788
4907.5,848
4908.5,886
4909.5,899
4910.5,886
4911.5,851
4912.5,791
4913.5,712
4914.5,611
4915.5,473
4916.5,0
4917.5,0
4918.5,0
4919.5,0
4920.5,0
4921.5,0
4922.5,0
4923.5,0
4924.5,0
4925.5,0
4926.5,0
4927.5,463
4928.5,608
4929.5,709
4930.5,788
4931.5,848
4932.5,886
4933.5,899
4934.5,886
4935.5,848
4936.5,788
4937.5,709
4938.5,608
4939.5,470
4940.5,0
4941.5,0
4942.5,0
4943.5,0
4944.5,0
4945.5,0
4946.5,0
4947.5,0
4948.5,0
4949.5,0
4950.5,0
4951.5,463
4952.5,608
4953.5,709
4954.5,788
4955.5,848
4956.5,886
4957.5,899
4958.5,886
4959.5,848
4960.5,791
4961.5,709
4962.5,611
4963.5,470
4964.5,0
4965.5,0
4966.5,0
4967.5,0
4968.5,0
4969.5,0
4970.5,0
4971.5,0
4972.5,0
4973.5,0
4974.5,0
4975.5,463
4976.5,605
4977.5,706
4978.5,788
4979.5,848
4980.5,886
4981.5,899
4982.5,886
4983.5,848
4984.5,788
4985.5,709
4986.5,608
4987.5,466
4988.5,0
4989.5,0
4990.5,0
4991.5,0
4992.5,0
4993.5,0
4994.5,0
4995.5,0
4996.5,0
4997.5,0
4998.5,0
4999.5,463
5000.5,605
5001.5,706
5002.5,788
5003.5,848
5004.5,883
5005.5,895
5006.5,886
5007.5,848
5008.5,788
5009.5,709
5010.5,608
5011.5,466
5012.5,0
5013.5,0
5014.5,0
5015.5,0
5016.5,0
5017.5,0
5018.5,0
5019.5,0
5020.5,0
5021.5,0
5022.5,0
5023.5,299
5024.5,375
5025.5,567
5026.5,763
5027.5,851
5028.5,842
5029.5,851
5030.5,870
5031.5,832
5032.5,794
5033.5,716
5034.5,618
5035.5,476
5036.5,0
5037.5,0
5038.5,0
5039.5,0
5040.5,0
5041.5,0
5042.5,0
5043.5,0
5044.5,0
5045.5,0
5046.5,0
5047.5,460
5048.5,605
5049.5,706
5050.5,785
5051.5,845
5052.5,883
5053.5,895
5054.5,883
5055.5,848
5056.5,788
5057.5,706
5058.5,608
5059.5,463
5060.5,0
5061.5,0
5062.5,0
5063.5,0
5064.5,0
5065.5,0
5066.5,0
5067.5,0
5068.5,0
5069.5,0
5070.5,0
5071.5,195
5072.5,318
5073.5,451
5074.5,630
5075.5,596
5076.5,514
5077.5,564
5078.5,621
5079.5,716
5080.5,567
5081.5,318
5082.5,220
5083.5,59
5084.5,0
5085.5,0
5086.5,0
5087.5,0
5088.5,0
5089.5,0
5090.5,0
5091.5,0
5092.5,0
5093.5,0
5094.5,0
5095.5,454
5096.5,599
5097.5,700
5098.5,782
5099.5,842
5100.5,880
5101.5,892
5102.5,880
5103.5,842
5104.5,782
5105.5,703
5106.5,599
5107.5,457
5108.5,0
5109.5,0
5110.5,0
5111.5,0
5112.5,0
5113.5,0
5114.5,0
5115.5,0
5116.5,0
5117.5,0
5118.5,0
5119.5,334
5120.5,570
5121.5,671
5122.5,618
5123.5,646
5124.5,662
5125.5,552
5126.5,615
5127.5,753
5128.5,637
5129.5,451
5130.5,324
5131.5,205
5132.5,0
5133.5,0
5134.5,0
5135.5,0
5136.5,0
5137.5,0
5138.5,0
5139.5,0
5140.5,0
5141.5,0
5142.5,0
5143.5,107
5144.5,233
5145.5,331
5146.5,495
5147.5,479
5148.5,444
5149.5,460
5150.5,365
5151.5,406
5152.5,479
5153.5,492
5154.5,460
5155.5,324
5156.5,0
5157.5,0
5158.5,0
5159.5,0
5160.5,0
5161.5,0
5162.5,0
5163.5,0
5164.5,0
5165.5,0
5166.5,0
5167.5,451
5168.5,593
5169.5,697
5170.5,779
5171.5,839
5172.5,880
5173.5,892
5174.5,880
5175.5,842
5176.5,779
5177.5,697
5178.5,596
5179.5,454
5180.5,0
5181.5,0
5182.5,0
5183.5,0
5184.5,0
5185.5,0
5186.5,0
5187.5,0
5188.5,0
5189.5,0
5190.5,0
5191.5,460
5192.5,599
5193.5,703
5194.5,782
5195.5,845
5196.5,880
5197.5,892
5198.5,880
5199.5,845
5200.5,785
5201.5,703
5202.5,599
5203.5,460
5204.5,0
5205.5,0
5206.5,0
5207.5,0
5208.5,0
5209.5,0
5210.5,0
5211.5,0
5212.5,0
5213.5,0
5214.5,0
5215.5,492
5216.5,580
5217.5,659
5218.5,769
5219.5,854
5220.5,829
5221.5,776
5222.5,782
5223.5,794
5224.5,690
5225.5,498
5226.5,429
5227.5,406
5228.5,0
5229.5,0
5230.5,0
5231.5,0
5232.5,0
5233.5,0
5234.5,0
5235.5,0
5236.5,0
5237.5,0
5238.5,0
5239.5,457
5240.5,596
5241.5,700
5242.5,782
5243.5,842
5244.5,880
5245.5,892
5246.5,880
5247.5,842
5248.5,782
5249.5,700
5250.5,596
5251.5,460
5252.5,0
5253.5,0
5254.5,0
5255.5,0
5256.5,0
5257.5,0
5258.5,0
5259.5,0
5260.5,0
5261.5,0
5262.5,0
5263.5,220
5264.5,255
5265.5,501
5266.5,694
5267.5,804
5268.5,798
5269.5,703
5270.5,700
5271.5,634
5272.5,589
5273.5,649
5274.5,618
5275.5,482
5276.5,0
5277.5,0
5278.5,0
5279.5,0
5280.5,0
5281.5,0
5282.5,0
5283.5,0
5284.5,0
5285.5,0
5286.5,0
5287.5,463
5288.5,596
5289.5,700
5290.5,782
5291.5,842
5292.5,880
5293.5,892
5294.5,880
5295.5,842
5296.5,782
5297.5,700
5298.5,596
5299.5,463
5300.5,0
5301.5,0
5302.5,0
5303.5,0
5304.5,0
5305.5,0
5306.5,0
5307.5,0
5308.5,0
5309.5,0
5310.5,0
5311.5,309
5312.5,539
5313.5,722
5314.5,697
5315.5,656
5316.5,706
5317.5,817
5318.5,848
5319.5,731
5320.5,694
5321.5,668
5322.5,435
5323.5,201
5324.5,0
5325.5,0
5326.5,0
5327.5,0
5328.5,0
5329.5,0
5330.5,0
5331.5,0
5332.5,0
5333.5,0
5334.5,0
5335.5,463
5336.5,593
5337.5,700
5338.5,782
5339.5,842
5340.5,880
5341.5,892
5342.5,880
5343.5,842
5344.5,779
5345.5,697
5346.5,593
5347.5,460
5348.5,0
5349.5,0
5350.5,0
5351.5,0
5352.5,0
5353.5,0
5354.5,0
5355.5,0
5356.5,0
5357.5,0
5358.5,0
5359.5,195
5360.5,419
5361.5,678
5362.5,801
5363.5,848
5364.5,772
5365.5,788
5366.5,747
5367.5,671
5368.5,703
5369.5,599
5370.5,457
5371.5,337
5372.5,0
5373.5,0
5374.5,0
5375.5,0
5376.5,0
5377.5,0
5378.5,0
5379.5,0
5380.5,0
5381.5,0
5382.5,0
5383.5,485
5384.5,608
5385.5,709
5386.5,788
5387.5,788
5388.5,703
5389.5,697
5390.5,744
5391.5,779
5392.5,678
5393.5,470
5394.5,416
5395.5,394
5396.5,0
5397.5,0
5398.5,0
5399.5,0
5400.5,0
5401.5,0
5402.5,0
5403.5,0
5404.5,0
5405.5,0
5406.5,0
5407.5,470
5408.5,593
5409.5,697
5410.5,779
5411.5,839
5412.5,876
5413.5,889
5414.5,876
5415.5,839
5416.5,776
5417.5,694
5418.5,589
5419.5,463
5420.5,0
5421.5,0
5422.5,0
5423.5,0
5424.5,0
5425.5,0
5426.5,0
5427.5,0
5428.5,0
5429.5,0
5430.5,0
5431.5,470
5432.5,593
5433.5,697
5434.5,779
5435.5,839
5436.5,876
5437.5,889
5438.5,876
5439.5,835
5440.5,776
5441.5,694
5442.5,586
5443.5,463
5444.5,0
5445.5,0
5446.5,0
5447.5,0
5448.5,0
5449.5,0
5450.5,0
5451.5,0
5452.5,0
5453.5,0
5454.5,0
5455.5,466
5456.5,589
5457.5,697
5458.5,779
5459.5,839
5460.5,876
5461.5,889
5462.5,873
5463.5,835
5464.5,776
5465.5,694
5466.5,583
5467.5,460
5468.5,0
5469.5,0
5470.5,0
5471.5,0
5472.5,0
5473.5,0
5474.5,0
5475.5,0
5476.5,0
5477.5,0
5478.5,0
5479.5,466
5480.5,589
5481.5,697
5482.5,779
5483.5,839
5484.5,876
5485.5,889
5486.5,873
5487.5,835
5488.5,772
5489.5,690
5490.5,583
5491.5,460
5492.5,0
5493.5,0
5494.5,0
5495.5,0
5496.5,0
5497.5,0
5498.5,0
5499.5,0
5500.5,0
5501.5,0
5502.5,0
5503.5,441
5504.5,589
5505.5,697
5506.5,776
5507.5,839
5508.5,873
5509.5,886
5510.5,873
5511.5,835
5512.5,772
5513.5,690
5514.5,580
5515.5,429
5516.5,0
5517.5,0
5518.5,0
5519.5,0
5520.5,0
5521.5,0
5522.5,0
5523.5,0
5524.5,0
5525.5,0
5526.5,0
5527.5,438
5528.5,583
5529.5,690
5530.5,772
5531.5,835
5532.5,870
5533.5,883
5534.5,870
5535.5,829
5536.5,766
5537.5,684
5538.5,574
5539.5,425
5540.5,0
5541.5,0
5542.5,0
5543.5,0
5544.5,0
5545.5,0
5546.5,0
5547.5,0
5548.5,0
5549.5,0
5550.5,0
5551.5,337
5552.5,558
5553.5,665
5554.5,627
5555.5,675
5556.5,750
5557.5,725
5558.5,760
5559.5,823
5560.5,791
5561.5,712
5562.5,608
5563.5,0
5564.5,0
5565.5,0
5566.5,0
5567.5,0
5568.5,0
5569.5,0
5570.5,0
5571.5,0
5572.5,0
5573.5,0
5574.5,0
5575.5,119
5576.5,331
5577.5,454
5578.5,485
5579.5,643
5580.5,653
5581.5,447
5582.5,343
5583.5,277
5584.5,305
5585.5,511
5586.5,466
5587.5,0
5588.5,0
5589.5,0
5590.5,0
5591.5,0
5592.5,0
5593.5,0
5594.5,0
5595.5,0
5596.5,0
5597.5,0
5598.5,0
5599.5,454
5600.5,586
5601.5,694
5602.5,776
5603.5,835
5604.5,873
5605.5,883
5606.5,870
5607.5,832
5608.5,769
5609.5,684
5610.5,574
5611.5,0
5612.5,0
5613.5,0
5614.5,0
5615.5,0
5616.5,0
5617.5,0
5618.5,0
5619.5,0
5620.5,0
5621.5,0
5622.5,0
5623.5,429
5624.5,593
5625.5,712
5626.5,681
5627.5,772
5628.5,883
5629.5,772
5630.5,570
5631.5,583
5632.5,492
5633.5,223
5634.5,107
5635.5,0
5636.5,0
5637.5,0
5638.5,0
5639.5,0
5640.5,0
5641.5,0
5642.5,0
5643.5,0
5644.5,0
5645.5,0
5646.5,0
5647.5,129
5648.5,406
5649.5,447
5650.5,615
5651.5,369
5652.5,59
5653.5,22
5654.5,25
5655.5,31
5656.5,78
5657.5,97
5658.5,41
5659.5,0
5660.5,0
5661.5,0
5662.5,0
5663.5,0
5664.5,0
5665.5,0
5666.5,0
5667.5,0
5668.5,0
5669.5,0
5670.5,0
5671.5,0
5672.5,97
5673.5,132
5674.5,182
5675.5,214
5676.5,337
5677.5,328
5678.5,255
5679.5,290
5680.5,451
5681.5,498
5682.5,296
5683.5,0
5684.5,0
5685.5,0
5686.5,0
5687.5,0
5688.5,0
5689.5,0
5690.5,0
5691.5,0
5692.5,0
5693.5,0
5694.5,0
5695.5,0
5696.5,583
5697.5,690
5698.5,772
5699.5,832
5700.5,870
5701.5,883
5702.5,867
5703.5,826
5704.5,763
5705.5,678
5706.5,567
5707.5,0
5708.5,0
5709.5,0
5710.5,0
5711.5,0
5712.5,0
5713.5,0
5714.5,0
5715.5,0
5716.5,0
5717.5,0
5718.5,0
5719.5,0
5720.5,583
5721.5,690
5722.5,772
5723.5,832
5724.5,870
5725.5,880
5726.5,867
5727.5,826
5728.5,763
5729.5,678
5730.5,564
5731.5,0
5732.5,0
5733.5,0
5734.5,0
5735.5,0
5736.5,0
5737.5,0
5738.5,0
5739.5,0
5740.5,0
5741.5,0
5742.5,0
5743.5,0
5744.5,580
5745.5,690
5746.5,772
5747.5,832
5748.5,867
5749.5,880
5750.5,864
5751.5,823
5752.5,760
5753.5,675
5754.5,561
5755.5,0
5756.5,0
5757.5,0
5758.5,0
5759.5,0
5760.5,0
5761.5,0
5762.5,0
5763.5,0
5764.5,0
5765.5,0
5766.5,0
5767.5,0
5768.5,580
5769.5,687
5770.5,772
5771.5,832
5772.5,867
5773.5,880
5774.5,864
5775.5,823
5776.5,760
5777.5,671
5778.5,558
5779.5,0
5780.5,0
5781.5,0
5782.5,0
5783.5,0
5784.5,0
5785.5,0
5786.5,0
5787.5,0
5788.5,0
5789.5,0
5790.5,0
5791.5,0
5792.5,577
5793.5,687
5794.5,769
5795.5,829
5796.5,867
5797.5,880
5798.5,861
5799.5,823
5800.5,757
5801.5,671
5802.5,555
5803.5,0
5804.5,0
5805.5,0
5806.5,0
5807.5,0
5808.5,0
5809.5,0
5810.5,0
5811.5,0
5812.5,0
5813.5,0
5814.5,0
5815.5,0
5816.5,66
5817.5,167
5818.5,334
5819.5,447
5820.5,287
5821.5,249
5822.5,217
5823.5,309
5824.5,255
5825.5,97
5826.5,97
5827.5,0
5828.5,0
5829.5,0
5830.5,0
5831.5,0
5832.5,0
5833.5,0
5834.5,0
5835.5,0
5836.5,0
5837.5,0
5838.5,0
5839.5,0
5840.5,239
5841.5,444
5842.5,394
5843.5,309
5844.5,410
5845.5,425
5846.5,558
5847.5,511
5848.5,223
5849.5,223
5850.5,239
5851.5,0
5852.5,0
5853.5,0
5854.5,0
5855.5,0
5856.5,0
5857.5,0
5858.5,0
5859.5,0
5860.5,0
5861.5,0
5862.5,0
5863.5,0
5864.5,492
5865.5,586
5866.5,753
5867.5,848
5868.5,832
5869.5,731
5870.5,747
5871.5,817
5872.5,791
5873.5,709
5874.5,596
5875.5,0
5876.5,0
5877.5,0
5878.5,0
5879.5,0
5880.5,0
5881.5,0
5882.5,0
5883.5,0
5884.5,0
5885.5,0
5886.5,0
5887.5,0
5888.5,577
5889.5,678
5890.5,413
5891.5,492
5892.5,529
5893.5,586
5894.5,586
5895.5,577
5896.5,523
5897.5,419
5898.5,274
5899.5,0
5900.5,0
5901.5,0
5902.5,0
5903.5,0
5904.5,0
5905.5,0
5906.5,0
5907.5,0
5908.5,0
5909.5,0
5910.5,0
5911.5,0
5912.5,558
5913.5,681
5914.5,753
5915.5,823
5916.5,867
5917.5,880
5918.5,861
5919.5,817
5920.5,750
5921.5,656
5922.5,529
5923.5,0
5924.5,0
5925.5,0
5926.5,0
5927.5,0
5928.5,0
5929.5,0
5930.5,0
5931.5,0
5932.5,0
5933.5,0
5934.5,0
5935.5,0
5936.5,583
5937.5,697
5938.5,779
5939.5,842
5940.5,876
5941.5,886
5942.5,870
5943.5,829
5944.5,763
5945.5,671
5946.5,548
5947.5,0
5948.5,0
5949.5,0
5950.5,0
5951.5,0
5952.5,0
5953.5,0
5954.5,0
5955.5,0
5956.5,0
5957.5,0
5958.5,0
5959.5,0
5960.5,331
5961.5,173
5962.5,154
5963.5,119
5964.5,69
5965.5,198
5966.5,182
5967.5,195
5968.5,148
5969.5,107
5970.5,119
5971.5,0
5972.5,0
5973.5,0
5974.5,0
5975.5,0
5976.5,0
5977.5,0
5978.5,0
5979.5,0
5980.5,0
5981.5,0
5982.5,0
5983.5,0
5984.5,580
5985.5,694
5986.5,779
5987.5,839
5988.5,876
5989.5,886
5990.5,867
5991.5,826
5992.5,757
5993.5,668
5994.5,542
5995.5,0
5996.5,0
5997.5,0
5998.5,0
5999.5,0
6000.5,0
6001.5,0
6002.5,0
6003.5,0
6004.5,0
6005.5,0
6006.5,0
6007.5,0
6008.5,570
6009.5,687
6010.5,772
6011.5,835
6012.5,870
6013.5,880
6014.5,864
6015.5,820
6016.5,750
6017.5,659
6018.5,529
6019.5,0
6020.5,0
6021.5,0
6022.5,0
6023.5,0
6024.5,0
6025.5,0
6026.5,0
6027.5,0
6028.5,0
6029.5,0
6030.5,0
6031.5,0
6032.5,287
6033.5,378
6034.5,148
6035.5,34
6036.5,41
6037.5,47
6038.5,44
6039.5,50
6040.5,116
6041.5,94
6042.5,31
6043.5,0
6044.5,0
6045.5,0
6046.5,0
6047.5,0
6048.5,0
6049.5,0
6050.5,0
6051.5,0
6052.5,0
6053.5,0
6054.5,0
6055.5,0
6056.5,539
6057.5,719
6058.5,798
6059.5,539
6060.5,378
6061.5,258
6062.5,318
6063.5,438
6064.5,634
6065.5,460
6066.5,154
6067.5,0
6068.5,0
6069.5,0
6070.5,0
6071.5,0
6072.5,0
6073.5,0
6074.5,0
6075.5,0
6076.5,0
6077.5,0
6078.5,0
6079.5,0
6080.5,53
6081.5,41
6082.5,53
6083.5,85
6084.5,488
6085.5,359
6086.5,123
6087.5,173
6088.5,258
6089.5,208
6090.5,116
6091.5,0
6092.5,0
6093.5,0
6094.5,0
6095.5,0
6096.5,0
6097.5,0
6098.5,0
6099.5,0
6100.5,0
6101.5,0
6102.5,0
6103.5,0
6104.5,0
6105.5,0
6106.5,0
6107.5,0
6108.5,0
6109.5,41
6110.5,356
6111.5,195
6112.5,138
6113.5,271
6114.5,328
6115.5,0
6116.5,0
6117.5,0
6118.5,0
6119.5,0
6120.5,0
6121.5,0
6122.5,0
6123.5,0
6124.5,0
6125.5,0
6126.5,0
6127.5,0
6128.5,577
6129.5,690
6130.5,776
6131.5,835
6132.5,870
6133.5,880
6134.5,861
6135.5,817
6136.5,750
6137.5,656
6138.5,523
6139.5,0
6140.5,0
6141.5,0
6142.5,0
6143.5,0
6144.5,0
6145.5,0
6146.5,0
6147.5,0
6148.5,0
6149.5,0
6150.5,0
6151.5,0
6152.5,343
6153.5,451
6154.5,678
6155.5,687
6156.5,804
6157.5,709
6158.5,649
6159.5,766
6160.5,675
6161.5,624
6162.5,444
6163.5,0
6164.5,0
6165.5,0
6166.5,0
6167.5,0
6168.5,0
6169.5,0
6170.5,0
6171.5,0
6172.5,0
6173.5,0
6174.5,0
6175.5,0
6176.5,129
6177.5,132
6178.5,362
6179.5,394
6180.5,523
6181.5,517
6182.5,381
6183.5,242
6184.5,321
6185.5,246
6186.5,85
6187.5,0
6188.5,0
6189.5,0
6190.5,0
6191.5,0
6192.5,0
6193.5,0
6194.5,0
6195.5,0
6196.5,0
6197.5,0
6198.5,0
6199.5,0
6200.5,388
6201.5,545
6202.5,548
6203.5,381
6204.5,365
6205.5,605
6206.5,703
6207.5,662
6208.5,599
6209.5,596
6210.5,425
6211.5,0
6212.5,0
6213.5,0
6214.5,0
6215.5,0
6216.5,0
6217.5,0
6218.5,0
6219.5,0
6220.5,0
6221.5,0
6222.5,0
6223.5,0
6224.5,110
6225.5,372
6226.5,271
6227.5,470
6228.5,299
6229.5,170
6230.5,255
6231.5,179
6232.5,157
6233.5,271
6234.5,227
6235.5,0
6236.5,0
6237.5,0
6238.5,0
6239.5,0
6240.5,0
6241.5,0
6242.5,0
6243.5,0
6244.5,0
6245.5,0
6246.5,0
6247.5,0
6248.5,261
6249.5,526
6250.5,757
6251.5,848
6252.5,880
6253.5,851
6254.5,772
6255.5,596
6256.5,429
6257.5,337
6258.5,220
6259.5,0
6260.5,0
6261.5,0
6262.5,0
6263.5,0
6264.5,0
6265.5,0
6266.5,0
6267.5,0
6268.5,0
6269.5,0
6270.5,0
6271.5,0
6272.5,432
6273.5,536
6274.5,602
6275.5,630
6276.5,624
6277.5,772
6278.5,788
6279.5,794
6280.5,501
6281.5,381
6282.5,277
6283.5,0
6284.5,0
6285.5,0
6286.5,0
6287.5,0
6288.5,0
6289.5,0
6290.5,0
6291.5,0
6292.5,0
6293.5,0
6294.5,0
6295.5,0
6296.5,570
6297.5,690
6298.5,772
6299.5,832
6300.5,867
6301.5,873
6302.5,854
6303.5,810
6304.5,741
6305.5,643
6306.5,498
6307.5,0
6308.5,0
6309.5,0
6310.5,0
6311.5,0
6312.5,0
6313.5,0
6314.5,0
6315.5,0
6316.5,0
6317.5,0
6318.5,0
6319.5,0
6320.5,570
6321.5,687
6322.5,766
6323.5,826
6324.5,842
6325.5,747
6326.5,731
6327.5,776
6328.5,712
6329.5,564
6330.5,432
6331.5,0
6332.5,0
6333.5,0
6334.5,0
6335.5,0
6336.5,0
6337.5,0
6338.5,0
6339.5,0
6340.5,0
6341.5,0
6342.5,0
6343.5,0
6344.5,558
6345.5,681
6346.5,766
6347.5,826
6348.5,858
6349.5,867
6350.5,848
6351.5,801
6352.5,728
6353.5,630
6354.5,473
6355.5,0
6356.5,0
6357.5,0
6358.5,0
6359.5,0
6360.5,0
6361.5,0
6362.5,0
6363.5,0
6364.5,0
6365.5,0
6366.5,0
6367.5,0
6368.5,567
6369.5,687
6370.5,769
6371.5,829
6372.5,864
6373.5,870
6374.5,851
6375.5,804
6376.5,735
6377.5,637
6378.5,479
6379.5,0
6380.5,0
6381.5,0
6382.5,0
6383.5,0
6384.5,0
6385.5,0
6386.5,0
6387.5,0
6388.5,0
6389.5,0
6390.5,0
6391.5,0
6392.5,570
6393.5,687
6394.5,769
6395.5,829
6396.5,864
6397.5,870
6398.5,851
6399.5,804
6400.5,735
6401.5,637
6402.5,479
6403.5,0
6404.5,0
6405.5,0
6406.5,0
6407.5,0
6408.5,0
6409.5,0
6410.5,0
6411.5,0
6412.5,0
6413.5,0
6414.5,0
6415.5,0
6416.5,97
6417.5,214
6418.5,498
6419.5,649
6420.5,589
6421.5,731
6422.5,637
6423.5,441
6424.5,239
6425.5,126
6426.5,97
6427.5,0
6428.5,0
6429.5,0
6430.5,0
6431.5,0
6432.5,0
6433.5,0
6434.5,0
6435.5,0
6436.5,0
6437.5,0
6438.5,0
6439.5,0
6440.5,570
6441.5,687
6442.5,769
6443.5,829
6444.5,861
6445.5,867
6446.5,848
6447.5,801
6448.5,731
6449.5,630
6450.5,479
6451.5,0
6452.5,0
6453.5,0
6454.5,0
6455.5,0
6456.5,0
6457.5,0
6458.5,0
6459.5,0
6460.5,0
6461.5,0
6462.5,0
6463.5,0
6464.5,570
6465.5,687
6466.5,769
6467.5,829
6468.5,861
6469.5,867
6470.5,807
6471.5,757
6472.5,662
6473.5,495
6474.5,331
6475.5,0
6476.5,0
6477.5,0
6478.5,0
6479.5,0
6480.5,0
6481.5,0
6482.5,0
6483.5,0
6484.5,0
6485.5,0
6486.5,0
6487.5,0
6488.5,492
6489.5,659
6490.5,757
6491.5,817
6492.5,848
6493.5,794
6494.5,807
6495.5,785
6496.5,712
6497.5,611
6498.5,0
6499.5,0
6500.5,0
6501.5,0
6502.5,0
6503.5,0
6504.5,0
6505.5,0
6506.5,0
6507.5,0
6508.5,0
6509.5,0
6510.5,0
6511.5,0
6512.5,53
6513.5,72
6514.5,605
6515.5,794
6516.5,798
6517.5,842
6518.5,687
6519.5,738
6520.5,671
6521.5,343
6522.5,0
6523.5,0
6524.5,0
6525.5,0
6526.5,0
6527.5,0
6528.5,0
6529.5,0
6530.5,0
6531.5,0
6532.5,0
6533.5,0
6534.5,0
6535.5,0
6536.5,564
6537.5,684
6538.5,766
6539.5,823
6540.5,858
6541.5,864
6542.5,842
6543.5,794
6544.5,722
6545.5,621
6546.5,0
6547.5,0
6548.5,0
6549.5,0
6550.5,0
6551.5,0
6552.5,0
6553.5,0
6554.5,0
6555.5,0
6556.5,0
6557.5,0
6558.5,0
6559.5,0
6560.5,577
6561.5,694
6562.5,779
6563.5,835
6564.5,870
6565.5,876
6566.5,854
6567.5,807
6568.5,731
6569.5,630
6570.5,0
6571.5,0
6572.5,0
6573.5,0
6574.5,0
6575.5,0
6576.5,0
6577.5,0
6578.5,0
6579.5,0
6580.5,0
6581.5,0
6582.5,0
6583.5,0
6584.5,577
6585.5,690
6586.5,779
6587.5,835
6588.5,867
6589.5,873
6590.5,851
6591.5,804
6592.5,731
6593.5,627
6594.5,0
6595.5,0
6596.5,0
6597.5,0
6598.5,0
6599.5,0
6600.5,0
6601.5,0
6602.5,0
6603.5,0
6604.5,0
6605.5,0
6606.5,0
6607.5,0
6608.5,337
6609.5,359
6610.5,271
6611.5,340
6612.5,460
6613.5,602
6614.5,435
6615.5,460
6616.5,495
6617.5,236
6618.5,0
6619.5,0
6620.5,0
6621.5,0
6622.5,0
6623.5,0
6624.5,0
6625.5,0
6626.5,0
6627.5,0
6628.5,0
6629.5,0
6630.5,0
6631.5,0
6632.5,107
6633.5,488
6634.5,315
6635.5,164
6636.5,97
6637.5,66
6638.5,110
6639.5,132
6640.5,324
6641.5,277
6642.5,0
6643.5,0
6644.5,0
6645.5,0
6646.5,0
6647.5,0
6648.5,0
6649.5,0
6650.5,0
6651.5,0
6652.5,0
6653.5,0
6654.5,0
6655.5,0
6656.5,520
6657.5,425
6658.5,712
6659.5,845
6660.5,810
6661.5,517
6662.5,675
6663.5,586
6664.5,375
6665.5,419
6666.5,0
6667.5,0
6668.5,0
6669.5,0
6670.5,0
6671.5,0
6672.5,0
6673.5,0
6674.5,0
6675.5,0
6676.5,0
6677.5,0
6678.5,0
6679.5,0
6680.5,6
6681.5,18
6682.5,22
6683.5,9
6684.5,15
6685.5,15
6686.5,22
6687.5,25
6688.5,15
6689.5,9
6690.5,0
6691.5,0
6692.5,0
6693.5,0
6694.5,0
6695.5,0
6696.5,0
6697.5,0
6698.5,0
6699.5,0
6700.5,0
6701.5,0
6702.5,0
6703.5,0
6704.5,63
6705.5,113
6706.5,482
6707.5,548
6708.5,261
6709.5,129
6710.5,110
6711.5,277
6712.5,170
6713.5,66
6714.5,0
6715.5,0
6716.5,0
6717.5,0
6718.5,0
6719.5,0
6720.5,0
6721.5,0
6722.5,0
6723.5,0
6724.5,0
6725.5,0
6726.5,0
6727.5,0
6728.5,220
6729.5,425
6730.5,384
6731.5,403
6732.5,504
6733.5,536
6734.5,242
6735.5,198
6736.5,192
6737.5,151
6738.5,0
6739.5,0
6740.5,0
6741.5,0
6742.5,0
6743.5,0
6744.5,0
6745.5,0
6746.5,0
6747.5,0
6748.5,0
6749.5,0
6750.5,0
6751.5,0
6752.5,567
6753.5,684
6754.5,769
6755.5,829
6756.5,861
6757.5,864
6758.5,842
6759.5,794
6760.5,719
6761.5,608
6762.5,0
6763.5,0
6764.5,0
6765.5,0
6766.5,0
6767.5,0
6768.5,0
6769.5,0
6770.5,0
6771.5,0
6772.5,0
6773.5,0
6774.5,0
6775.5,0
6776.5,558
6777.5,684
6778.5,769
6779.5,826
6780.5,858
6781.5,864
6782.5,842
6783.5,791
6784.5,716
6785.5,605
6786.5,0
6787.5,0
6788.5,0
6789.5,0
6790.5,0
6791.5,0
6792.5,0
6793.5,0
6794.5,0
6795.5,0
6796.5,0
6797.5,0
6798.5,0
6799.5,0
6800.5,558
6801.5,681
6802.5,766
6803.5,826
6804.5,858
6805.5,861
6806.5,839
6807.5,788
6808.5,712
6809.5,602
6810.5,0
6811.5,0
6812.5,0
6813.5,0
6814.5,0
6815.5,0
6816.5,0
6817.5,0
6818.5,0
6819.5,0
6820.5,0
6821.5,0
6822.5,0
6823.5,0
6824.5,552
6825.5,678
6826.5,766
6827.5,823
6828.5,854
6829.5,861
6830.5,839
6831.5,788
6832.5,709
6833.5,596
6834.5,0
6835.5,0
6836.5,0
6837.5,0
6838.5,0
6839.5,0
6840.5,0
6841.5,0
6842.5,0
6843.5,0
6844.5,0
6845.5,0
6846.5,0
6847.5,0
6848.5,552
6849.5,678
6850.5,766
6851.5,823
6852.5,854
6853.5,858
6854.5,835
6855.5,785
6856.5,709
6857.5,593
6858.5,0
6859.5,0
6860.5,0
6861.5,0
6862.5,0
6863.5,0
6864.5,0
6865.5,0
6866.5,0
6867.5,0
6868.5,0
6869.5,0
6870.5,0
6871.5,0
6872.5,552
6873.5,675
6874.5,763
6875.5,820
6876.5,851
6877.5,858
6878.5,832
6879.5,782
6880.5,706
6881.5,589
6882.5,0
6883.5,0
6884.5,0
6885.5,0
6886.5,0
6887.5,0
6888.5,0
6889.5,0
6890.5,0
6891.5,0
6892.5,0
6893.5,0
6894.5,0
6895.5,0
6896.5,548
6897.5,675
6898.5,763
6899.5,820
6900.5,851
6901.5,854
6902.5,832
6903.5,782
6904.5,706
6905.5,586
6906.5,0
6907.5,0
6908.5,0
6909.5,0
6910.5,0
6911.5,0
6912.5,0
6913.5,0
6914.5,0
6915.5,0
6916.5,0
6917.5,0
6918.5,0
6919.5,0
6920.5,548
6921.5,671
6922.5,760
6923.5,817
6924.5,848
6925.5,854
6926.5,829
6927.5,779
6928.5,703
6929.5,583
6930.5,0
6931.5,0
6932.5,0
6933.5,0
6934.5,0
6935.5,0
6936.5,0
6937.5,0
6938.5,0
6939.5,0
6940.5,0
6941.5,0
6942.5,0
6943.5,0
6944.5,88
6945.5,400
6946.5,570
6947.5,526
6948.5,586
6949.5,441
6950.5,422
6951.5,662
6952.5,653
6953.5,255
6954.5,0
6955.5,0
6956.5,0
6957.5,0
6958.5,0
6959.5,0
6960.5,0
6961.5,0
6962.5,0
6963.5,0
6964.5,0
6965.5,0
6966.5,0
6967.5,0
6968.5,129
6969.5,189
6970.5,529
6971.5,406
6972.5,287
6973.5,466
6974.5,422
6975.5,318
6976.5,328
6977.5,485
6978.5,0
6979.5,0
6980.5,0
6981.5,0
6982.5,0
6983.5,0
6984.5,0
6985.5,0
6986.5,0
6987.5,0
6988.5,0
6989.5,0
6990.5,0
6991.5,0
6992.5,558
6993.5,678
6994.5,766
6995.5,716
6996.5,835
6997.5,697
6998.5,384
6999.5,384
7000.5,182
7001.5,264
7002.5,0
7003.5,0
7004.5,0
7005.5,0
7006.5,0
7007.5,0
7008.5,0
7009.5,0
7010.5,0
7011.5,0
7012.5,0
7013.5,0
7014.5,0
7015.5,0
7016.5,34
7017.5,47
7018.5,41
7019.5,41
7020.5,47
7021.5,34
7022.5,59
7023.5,34
7024.5,28
7025.5,15
7026.5,0
7027.5,0
7028.5,0
7029.5,0
7030.5,0
7031.5,0
7032.5,0
7033.5,0
7034.5,0
7035.5,0
7036.5,0
7037.5,0
7038.5,0
7039.5,0
7040.5,596
7041.5,684
7042.5,630
7043.5,520
7044.5,542
7045.5,394
7046.5,302
7047.5,709
7048.5,492
7049.5,451
7050.5,0
7051.5,0
7052.5,0
7053.5,0
7054.5,0
7055.5,0
7056.5,0
7057.5,0
7058.5,0
7059.5,0
7060.5,0
7061.5,0
7062.5,0
7063.5,0
7064.5,419
7065.5,665
7066.5,637
7067.5,552
7068.5,602
7069.5,485
7070.5,492
7071.5,293
7072.5,148
7073.5,123
7074.5,0
7075.5,0
7076.5,0
7077.5,0
7078.5,0
7079.5,0
7080.5,0
7081.5,0
7082.5,0
7083.5,0
7084.5,0
7085.5,0
7086.5,0
7087.5,0
7088.5,324
7089.5,432
7090.5,504
7091.5,406
7092.5,558
7093.5,406
7094.5,561
7095.5,378
7096.5,220
7097.5,138
7098.5,0
7099.5,0
7100.5,0
7101.5,0
7102.5,0
7103.5,0
7104.5,0
7105.5,0
7106.5,0
7107.5,0
7108.5,0
7109.5,0
7110.5,0
7111.5,0
7112.5,529
7113.5,656
7114.5,744
7115.5,804
7116.5,835
7117.5,839
7118.5,813
7119.5,763
7120.5,681
7121.5,552
7122.5,0
7123.5,0
7124.5,0
7125.5,0
7126.5,0
7127.5,0
7128.5,0
7129.5,0
7130.5,0
7131.5,0
7132.5,0
7133.5,0
7134.5,0
7135.5,0
7136.5,526
7137.5,656
7138.5,744
7139.5,801
7140.5,832
7141.5,835
7142.5,813
7143.5,760
7144.5,681
7145.5,545
7146.5,0
7147.5,0
7148.5,0
7149.5,0
7150.5,0
7151.5,0
7152.5,0
7153.5,0
7154.5,0
7155.5,0
7156.5,0
7157.5,0
7158.5,0
7159.5,0
7160.5,523
7161.5,649
7162.5,741
7163.5,801
7164.5,829
7165.5,835
7166.5,810
7167.5,760
7168.5,678
7169.5,539
7170.5,0
7171.5,0
7172.5,0
7173.5,0
7174.5,0
7175.5,0
7176.5,0
7177.5,0
7178.5,0
7179.5,0
7180.5,0
7181.5,0
7182.5,0
7183.5,0
7184.5,517
7185.5,649
7186.5,741
7187.5,798
7188.5,829
7189.5,832
7190.5,807
7191.5,757
7192.5,675
7193.5,533
7194.5,0
7195.5,0
7196.5,0
7197.5,0
7198.5,0
7199.5,0
7200.5,0
7201.5,0
7202.5,0
7203.5,0
7204.5,0
7205.5,0
7206.5,0
7207.5,0
7208.5,85
7209.5,132
7210.5,164
7211.5,47
7212.5,66
7213.5,88
7214.5,69
7215.5,31
7216.5,66
7217.5,50
7218.5,0
7219.5,0
7220.5,0
7221.5,0
7222.5,0
7223.5,0
7224.5,0
7225.5,0
7226.5,0
7227.5,0
7228.5,0
7229.5,0
7230.5,0
7231.5,0
7232.5,0
7233.5,261
7234.5,429
7235.5,309
7236.5,413
7237.5,649
7238.5,637
7239.5,533
7240.5,201
7241.5,110
7242.5,0
7243.5,0
7244.5,0
7245.5,0
7246.5,0
7247.5,0
7248.5,0
7249.5,0
7250.5,0
7251.5,0
7252.5,0
7253.5,0
7254.5,0
7255.5,0
7256.5,0
7257.5,479
7258.5,731
7259.5,681
7260.5,725
7261.5,753
7262.5,441
7263.5,501
7264.5,649
7265.5,457
7266.5,0
7267.5,0
7268.5,0
7269.5,0
7270.5,0
7271.5,0
7272.5,0
7273.5,0
7274.5,0
7275.5,0
7276.5,0
7277.5,0
7278.5,0
7279.5,0
7280.5,0
7281.5,662
7282.5,526
7283.5,492
7284.5,798
7285.5,839
7286.5,807
7287.5,766
7288.5,687
7289.5,473
7290.5,0
7291.5,0
7292.5,0
7293.5,0
7294.5,0
7295.5,0
7296.5,0
7297.5,0
7298.5,0
7299.5,0
7300.5,0
7301.5,0
7302.5,0
7303.5,0
7304.5,0
7305.5,656
7306.5,753
7307.5,813
7308.5,845
7309.5,848
7310.5,823
7311.5,769
7312.5,684
7313.5,526
7314.5,0
7315.5,0
7316.5,0
7317.5,0
7318.5,0
7319.5,0
7320.5,0
7321.5,0
7322.5,0
7323.5,0
7324.5,0
7325.5,0
7326.5,0
7327.5,0
7328.5,0
7329.5,653
7330.5,750
7331.5,810
7332.5,842
7333.5,845
7334.5,820
7335.5,766
7336.5,681
7337.5,517
7338.5,0
7339.5,0
7340.5,0
7341.5,0
7342.5,0
7343.5,0
7344.5,0
7345.5,0
7346.5,0
7347.5,0
7348.5,0
7349.5,0
7350.5,0
7351.5,0
7352.5,0
7353.5,492
7354.5,684
7355.5,646
7356.5,350
7357.5,640
7358.5,526
7359.5,608
7360.5,463
7361.5,334
7362.5,0
7363.5,0
7364.5,0
7365.5,0
7366.5,0
7367.5,0
7368.5,0
7369.5,0
7370.5,0
7371.5,0
7372.5,0
7373.5,0
7374.5,0
7375.5,0
7376.5,0
7377.5,564
7378.5,324
7379.5,507
7380.5,602
7381.5,741
7382.5,236
7383.5,192
7384.5,123
7385.5,116
7386.5,0
7387.5,0
7388.5,0
7389.5,0
7390.5,0
7391.5,0
7392.5,0
7393.5,0
7394.5,0
7395.5,0
7396.5,0
7397.5,0
7398.5,0
7399.5,0
7400.5,0
7401.5,646
7402.5,744
7403.5,804
7404.5,835
7405.5,839
7406.5,817
7407.5,763
7408.5,675
7409.5,504
7410.5,0
7411.5,0
7412.5,0
7413.5,0
7414.5,0
7415.5,0
7416.5,0
7417.5,0
7418.5,0
7419.5,0
7420.5,0
7421.5,0
7422.5,0
7423.5,0
7424.5,0
7425.5,94
7426.5,151
7427.5,132
7428.5,113
7429.5,220
7430.5,129
7431.5,75
7432.5,110
7433.5,75
7434.5,0
7435.5,0
7436.5,0
7437.5,0
7438.5,0
7439.5,0
7440.5,0
7441.5,0
7442.5,0
7443.5,0
7444.5,0
7445.5,0
7446.5,0
7447.5,0
7448.5,0
7449.5,637
7450.5,763
7451.5,684
7452.5,605
7453.5,435
7454.5,586
7455.5,719
7456.5,564
7457.5,507
7458.5,0
7459.5,0
7460.5,0
7461.5,0
7462.5,0
7463.5,0
7464.5,0
7465.5,0
7466.5,0
7467.5,0
7468.5,0
7469.5,0
7470.5,0
7471.5,0
7472.5,0
7473.5,637
7474.5,735
7475.5,798
7476.5,829
7477.5,832
7478.5,697
7479.5,539
7480.5,394
7481.5,154
7482.5,0
7483.5,0
7484.5,0
7485.5,0
7486.5,0
7487.5,0
7488.5,0
7489.5,0
7490.5,0
7491.5,0
7492.5,0
7493.5,0
7494.5,0
7495.5,0
7496.5,0
7497.5,438
7498.5,223
7499.5,570
7500.5,665
7501.5,823
7502.5,438
7503.5,526
7504.5,542
7505.5,274
7506.5,0
7507.5,0
7508.5,0
7509.5,0
7510.5,0
7511.5,0
7512.5,0
7513.5,0
7514.5,0
7515.5,0
7516.5,0
7517.5,0
7518.5,0
7519.5,0
7520.5,0
7521.5,656
7522.5,753
7523.5,653
7524.5,766
7525.5,567
7526.5,495
7527.5,261
7528.5,249
7529.5,211
7530.5,0
7531.5,0
7532.5,0
7533.5,0
7534.5,0
7535.5,0
7536.5,0
7537.5,0
7538.5,0
7539.5,0
7540.5,0
7541.5,0
7542.5,0
7543.5,0
7544.5,0
7545.5,589
7546.5,700
7547.5,470
7548.5,454
7549.5,425
7550.5,555
7551.5,416
7552.5,514
7553.5,331
7554.5,0
7555.5,0
7556.5,0
7557.5,0
7558.5,0
7559.5,0
7560.5,0
7561.5,0
7562.5,0
7563.5,0
7564.5,0
7565.5,0
7566.5,0
7567.5,0
7568.5,0
7569.5,0
7570.5,0
7571.5,0
7572.5,0
7573.5,0
7574.5,0
7575.5,0
7576.5,0
7577.5,0
7578.5,0
7579.5,0
7580.5,0
7581.5,0
7582.5,0
7583.5,0
7584.5,0
7585.5,0
7586.5,0
7587.5,0
7588.5,0
7589.5,0
7590.5,0
7591.5,0
7592.5,0
7593.5,66
7594.5,100
7595.5,116
7596.5,179
7597.5,198
7598.5,104
7599.5,100
7600.5,91
7601.5,0
7602.5,0
7603.5,0
7604.5,0
7605.5,0
7606.5,0
7607.5,0
7608.5,0
7609.5,0
7610.5,0
7611.5,0
7612.5,0
7613.5,0
7614.5,0
7615.5,0
7616.5,0
7617.5,514
7618.5,599
7619.5,760
7620.5,826
7621.5,832
7622.5,810
7623.5,757
7624.5,517
7625.5,0
7626.5,0
7627.5,0
7628.5,0
7629.5,0
7630.5,0
7631.5,0
7632.5,0
7633.5,0
7634.5,0
7635.5,0
7636.5,0
7637.5,0
7638.5,0
7639.5,0
7640.5,0
7641.5,457
7642.5,593
7643.5,662
7644.5,656
7645.5,728
7646.5,630
7647.5,394
7648.5,419
7649.5,0
7650.5,0
7651.5,0
7652.5,0
7653.5,0
7654.5,0
7655.5,0
7656.5,0
7657.5,0
7658.5,0
7659.5,0
7660.5,0
7661.5,0
7662.5,0
7663.5,0
7664.5,0
7665.5,18
7666.5,12
7667.5,9
7668.5,6
7669.5,6
7670.5,6
7671.5,6
7672.5,12
7673.5,0
7674.5,0
7675.5,0
7676.5,0
7677.5,0
7678.5,0
7679.5,0
7680.5,0
7681.5,0
7682.5,0
7683.5,0
7684.5,0
7685.5,0
7686.5,0
7687.5,0
7688.5,0
7689.5,381
7690.5,403
7691.5,211
7692.5,233
7693.5,214
7694.5,369
7695.5,230
7696.5,211
7697.5,0
7698.5,0
7699.5,0
7700.5,0
7701.5,0
7702.5,0
7703.5,0
7704.5,0
7705.5,0
7706.5,0
7707.5,0
7708.5,0
7709.5,0
7710.5,0
7711.5,0
7712.5,0
7713.5,605
7714.5,716
7715.5,776
7716.5,810
7717.5,813
7718.5,788
7719.5,738
7720.5,643
7721.5,0
7722.5,0
7723.5,0
7724.5,0
7725.5,0
7726.5,0
7727.5,0
7728.5,0
7729.5,0
7730.5,0
7731.5,0
7732.5,0
7733.5,0
7734.5,0
7735.5,0
7736.5,0
7737.5,381
7738.5,422
7739.5,712
7740.5,744
7741.5,779
7742.5,719
7743.5,712
7744.5,460
7745.5,0
7746.5,0
7747.5,0
7748.5,0
7749.5,0
7750.5,0
7751.5,0
7752.5,0
7753.5,0
7754.5,0
7755.5,0
7756.5,0
7757.5,0
7758.5,0
7759.5,0
7760.5,0
7761.5,126
7762.5,315
7763.5,520
7764.5,498
7765.5,343
7766.5,507
7767.5,227
7768.5,135
7769.5,0
7770.5,0
7771.5,0
7772.5,0
7773.5,0
7774.5,0
7775.5,0
7776.5,0
7777.5,0
7778.5,0
7779.5,0
7780.5,0
7781.5,0
7782.5,0
7783.5,0
7784.5,0
7785.5,444
7786.5,703
7787.5,668
7788.5,716
7789.5,757
7790.5,791
7791.5,706
7792.5,646
7793.5,0
7794.5,0
7795.5,0
7796.5,0
7797.5,0
7798.5,0
7799.5,0
7800.5,0
7801.5,0
7802.5,0
7803.5,0
7804.5,0
7805.5,0
7806.5,0
7807.5,0
7808.5,0
7809.5,242
7810.5,160
7811.5,201
7812.5,170
7813.5,545
7814.5,618
7815.5,703
7816.5,381
7817.5,0
7818.5,0
7819.5,0
7820.5,0
7821.5,0
7822.5,0
7823.5,0
7824.5,0
7825.5,0
7826.5,0
7827.5,0
7828.5,0
7829.5,0
7830.5,0
7831.5,0
7832.5,0
7833.5,9
7834.5,12
7835.5,12
7836.5,3
7837.5,9
7838.5,9
7839.5,9
7840.5,9
7841.5,0
7842.5,0
7843.5,0
7844.5,0
7845.5,0
7846.5,0
7847.5,0
7848.5,0
7849.5,0
7850.5,0
7851.5,0
7852.5,0
7853.5,0
7854.5,0
7855.5,0
7856.5,0
7857.5,583
7858.5,697
7859.5,763
7860.5,798
7861.5,804
7862.5,779
7863.5,725
7864.5,630
7865.5,0
7866.5,0
7867.5,0
7868.5,0
7869.5,0
7870.5,0
7871.5,0
7872.5,0
7873.5,0
7874.5,0
7875.5,0
7876.5,0
7877.5,0
7878.5,0
7879.5,0
7880.5,0
7881.5,542
7882.5,552
7883.5,558
7884.5,719
7885.5,785
7886.5,536
7887.5,378
7888.5,416
7889.5,0
7890.5,0
7891.5,0
7892.5,0
7893.5,0
7894.5,0
7895.5,0
7896.5,0
7897.5,0
7898.5,0
7899.5,0
7900.5,0
7901.5,0
7902.5,0
7903.5,0
7904.5,0
7905.5,608
7906.5,719
7907.5,782
7908.5,753
7909.5,504
7910.5,230
7911.5,261
7912.5,347
7913.5,0
7914.5,0
7915.5,0
7916.5,0
7917.5,0
7918.5,0
7919.5,0
7920.5,0
7921.5,0
7922.5,0
7923.5,0
7924.5,0
7925.5,0
7926.5,0
7927.5,0
7928.5,0
7929.5,552
7930.5,697
7931.5,697
7932.5,697
7933.5,763
7934.5,709
7935.5,709
7936.5,640
7937.5,0
7938.5,0
7939.5,0
7940.5,0
7941.5,0
7942.5,0
7943.5,0
7944.5,0
7945.5,0
7946.5,0
7947.5,0
7948.5,0
7949.5,0
7950.5,0
7951.5,0
7952.5,0
7953.5,574
7954.5,687
7955.5,757
7956.5,788
7957.5,794
7958.5,772
7959.5,719
7960.5,624
7961.5,0
7962.5,0
7963.5,0
7964.5,0
7965.5,0
7966.5,0
7967.5,0
7968.5,0
7969.5,0
7970.5,0
7971.5,0
7972.5,0
7973.5,0
7974.5,0
7975.5,0
7976.5,0
7977.5,583
7978.5,697
7979.5,760
7980.5,782
7981.5,798
7982.5,719
7983.5,555
7984.5,574
7985.5,0
7986.5,0
7987.5,0
7988.5,0
7989.5,0
7990.5,0
7991.5,0
7992.5,0
7993.5,0
7994.5,0
7995.5,0
7996.5,0
7997.5,0
7998.5,0
7999.5,0
8000.5,0
8001.5,567
8002.5,681
8003.5,750
8004.5,785
8005.5,791
8006.5,769
8007.5,716
8008.5,618
8009.5,0
8010.5,0
8011.5,0
8012.5,0
8013.5,0
8014.5,0
8015.5,0
8016.5,0
8017.5,0
8018.5,0
8019.5,0
8020.5,0
8021.5,0
8022.5,0
8023.5,0
8024.5,0
8025.5,574
8026.5,694
8027.5,760
8028.5,794
8029.5,801
8030.5,779
8031.5,725
8032.5,630
8033.5,0
8034.5,0
8035.5,0
8036.5,0
8037.5,0
8038.5,0
8039.5,0
8040.5,0
8041.5,0
8042.5,0
8043.5,0
8044.5,0
8045.5,0
8046.5,0
8047.5,0
8048.5,0
8049.5,580
8050.5,697
8051.5,766
8052.5,801
8053.5,804
8054.5,785
8055.5,731
8056.5,634
8057.5,0
8058.5,0
8059.5,0
8060.5,0
8061.5,0
8062.5,0
8063.5,0
8064.5,0
8065.5,0
8066.5,0
8067.5,0
8068.5,0
8069.5,0
8070.5,0
8071.5,0
8072.5,0
8073.5,574
8074.5,694
8075.5,763
8076.5,798
8077.5,804
8078.5,782
8079.5,728
8080.5,630
8081.5,0
8082.5,0
8083.5,0
8084.5,0
8085.5,0
8086.5,0
8087.5,0
8088.5,0
8089.5,0
8090.5,0
8091.5,0
8092.5,0
8093.5,0
8094.5,0
8095.5,0
8096.5,0
8097.5,164
8098.5,400
8099.5,315
8100.5,205
8101.5,299
8102.5,230
8103.5,378
8104.5,454
8105.5,0
8106.5,0
8107.5,0
8108.5,0
8109.5,0
8110.5,0
8111.5,0
8112.5,0
8113.5,0
8114.5,0
8115.5,0
8116.5,0
8117.5,0
8118.5,0
8119.5,0
8120.5,0
8121.5,574
8122.5,690
8123.5,757
8124.5,794
8125.5,801
8126.5,779
8127.5,725
8128.5,630
8129.5,0
8130.5,0
8131.5,0
8132.5,0
8133.5,0
8134.5,0
8135.5,0
8136.5,0
8137.5,0
8138.5,0
8139.5,0
8140.5,0
8141.5,0
8142.5,0
8143.5,0
8144.5,0
8145.5,545
8146.5,684
8147.5,757
8148.5,794
8149.5,801
8150.5,779
8151.5,725
8152.5,627
8153.5,0
8154.5,0
8155.5,0
8156.5,0
8157.5,0
8158.5,0
8159.5,0
8160.5,0
8161.5,0
8162.5,0
8163.5,0
8164.5,0
8165.5,0
8166.5,0
8167.5,0
8168.5,0
8169.5,25
8170.5,41
8171.5,47
8172.5,44
8173.5,59
8174.5,63
8175.5,50
8176.5,25
8177.5,0
8178.5,0
8179.5,0
8180.5,0
8181.5,0
8182.5,0
8183.5,0
8184.5,0
8185.5,0
8186.5,0
8187.5,0
8188.5,0
8189.5,0
8190.5,0
8191.5,0
8192.5,0
8193.5,100
8194.5,324
8195.5,671
8196.5,470
8197.5,337
8198.5,388
8199.5,416
8200.5,220
8201.5,0
8202.5,0
8203.5,0
8204.5,0
8205.5,0
8206.5,0
8207.5,0
8208.5,0
8209.5,0
8210.5,0
8211.5,0
8212.5,0
8213.5,0
8214.5,0
8215.5,0
8216.5,0
8217.5,182
8218.5,214
8219.5,201
8220.5,435
8221.5,684
8222.5,722
8223.5,533
8224.5,249
8225.5,0
8226.5,0
8227.5,0
8228.5,0
8229.5,0
8230.5,0
8231.5,0
8232.5,0
8233.5,0
8234.5,0
8235.5,0
8236.5,0
8237.5,0
8238.5,0
8239.5,0
8240.5,0
8241.5,164
8242.5,160
8243.5,138
8244.5,104
8245.5,75
8246.5,88
8247.5,85
8248.5,97
8249.5,0
8250.5,0
8251.5,0
8252.5,0
8253.5,0
8254.5,0
8255.5,0
8256.5,0
8257.5,0
8258.5,0
8259.5,0
8260.5,0
8261.5,0
8262.5,0
8263.5,0
8264.5,0
8265.5,12
8266.5,18
8267.5,15
8268.5,31
8269.5,31
8270.5,50
8271.5,31
8272.5,22
8273.5,0
8274.5,0
8275.5,0
8276.5,0
8277.5,0
8278.5,0
8279.5,0
8280.5,0
8281.5,0
8282.5,0
8283.5,0
8284.5,0
8285.5,0
8286.5,0
8287.5,0
8288.5,0
8289.5,12
8290.5,15
8291.5,18
8292.5,12
8293.5,22
8294.5,63
8295.5,53
8296.5,31
8297.5,0
8298.5,0
8299.5,0
8300.5,0
8301.5,0
8302.5,0
8303.5,0
8304.5,0
8305.5,0
8306.5,0
8307.5,0
8308.5,0
8309.5,0
8310.5,0
8311.5,0
8312.5,0
8313.5,141
8314.5,176
8315.5,252
8316.5,343
8317.5,520
8318.5,561
8319.5,602
8320.5,536
8321.5,0
8322.5,0
8323.5,0
8324.5,0
8325.5,0
8326.5,0
8327.5,0
8328.5,0
8329.5,0
8330.5,0
8331.5,0
8332.5,0
8333.5,0
8334.5,0
8335.5,0
8336.5,0
8337.5,410
8338.5,574
8339.5,703
8340.5,788
8341.5,807
8342.5,760
8343.5,656
8344.5,517
8345.5,0
8346.5,0
8347.5,0
8348.5,0
8349.5,0
8350.5,0
8351.5,0
8352.5,0
8353.5,0
8354.5,0
8355.5,0
8356.5,0
8357.5,0
8358.5,0
8359.5,0
8360.5,0
8361.5,100
8362.5,173
8363.5,151
8364.5,179
8365.5,293
8366.5,457
8367.5,432
8368.5,201
8369.5,0
8370.5,0
8371.5,0
8372.5,0
8373.5,0
8374.5,0
8375.5,0
8376.5,0
8377.5,0
8378.5,0
8379.5,0
8380.5,0
8381.5,0
8382.5,0
8383.5,0
8384.5,0
8385.5,176
8386.5,463
8387.5,564
8388.5,659
8389.5,580
8390.5,542
8391.5,347
8392.5,208
8393.5,0
8394.5,0
8395.5,0
8396.5,0
8397.5,0
8398.5,0
8399.5,0
8400.5,0
8401.5,0
8402.5,0
8403.5,0
8404.5,0
8405.5,0
8406.5,0
8407.5,0
8408.5,0
8409.5,406
8410.5,567
8411.5,697
8412.5,782
8413.5,804
8414.5,757
8415.5,656
8416.5,517
8417.5,0
8418.5,0
8419.5,0
8420.5,0
8421.5,0
8422.5,0
8423.5,0
8424.5,0
8425.5,0
8426.5,0
8427.5,0
8428.5,0
8429.5,0
8430.5,0
8431.5,0
8432.5,0
8433.5,277
8434.5,365
8435.5,608
8436.5,766
8437.5,810
8438.5,684
8439.5,615
8440.5,536
8441.5,0
8442.5,0
8443.5,0
8444.5,0
8445.5,0
8446.5,0
8447.5,0
8448.5,0
8449.5,0
8450.5,0
8451.5,0
8452.5,0
8453.5,0
8454.5,0
8455.5,0
8456.5,0
8457.5,119
8458.5,198
8459.5,192
8460.5,362
8461.5,479
8462.5,570
8463.5,492
8464.5,425
8465.5,0
8466.5,0
8467.5,0
8468.5,0
8469.5,0
8470.5,0
8471.5,0
8472.5,0
8473.5,0
8474.5,0
8475.5,0
8476.5,0
8477.5,0
8478.5,0
8479.5,0
8480.5,0
8481.5,400
8482.5,564
8483.5,694
8484.5,779
8485.5,801
8486.5,757
8487.5,656
8488.5,520
8489.5,0
8490.5,0
8491.5,0
8492.5,0
8493.5,0
8494.5,0
8495.5,0
8496.5,0
8497.5,0
8498.5,0
8499.5,0
8500.5,0
8501.5,0
8502.5,0
8503.5,0
8504.5,0
8505.5,353
8506.5,400
8507.5,353
8508.5,643
8509.5,690
8510.5,555
8511.5,359
8512.5,186
8513.5,0
8514.5,0
8515.5,0
8516.5,0
8517.5,0
8518.5,0
8519.5,0
8520.5,0
8521.5,0
8522.5,0
8523.5,0
8524.5,0
8525.5,0
8526.5,0
8527.5,0
8528.5,0
8529.5,22
8530.5,34
8531.5,25
8532.5,22
8533.5,25
8534.5,25
8535.5,28
8536.5,37
8537.5,0
8538.5,0
8539.5,0
8540.5,0
8541.5,0
8542.5,0
8543.5,0
8544.5,0
8545.5,0
8546.5,0
8547.5,0
8548.5,0
8549.5,0
8550.5,0
8551.5,0
8552.5,0
8553.5,280
8554.5,381
8555.5,567
8556.5,514
8557.5,435
8558.5,375
8559.5,261
8560.5,182
8561.5,0
8562.5,0
8563.5,0
8564.5,0
8565.5,0
8566.5,0
8567.5,0
8568.5,0
8569.5,0
8570.5,0
8571.5,0
8572.5,0
8573.5,0
8574.5,0
8575.5,0
8576.5,0
8577.5,37
8578.5,41
8579.5,41
8580.5,34
8581.5,18
8582.5,12
8583.5,18
8584.5,25
8585.5,0
8586.5,0
8587.5,0
8588.5,0
8589.5,0
8590.5,0
8591.5,0
8592.5,0
8593.5,0
8594.5,0
8595.5,0
8596.5,0
8597.5,0
8598.5,0
8599.5,0
8600.5,0
8601.5,391
8602.5,555
8603.5,687
8604.5,776
8605.5,801
8606.5,760
8607.5,659
8608.5,523
8609.5,0
8610.5,0
8611.5,0
8612.5,0
8613.5,0
8614.5,0
8615.5,0
8616.5,0
8617.5,0
8618.5,0
8619.5,0
8620.5,0
8621.5,0
8622.5,0
8623.5,0
8624.5,0
8625.5,391
8626.5,558
8627.5,687
8628.5,772
8629.5,801
8630.5,760
8631.5,662
8632.5,526
8633.5,0
8634.5,0
8635.5,0
8636.5,0
8637.5,0
8638.5,0
8639.5,0
8640.5,0
8641.5,0
8642.5,0
8643.5,0
8644.5,0
8645.5,0
8646.5,0
8647.5,0
8648.5,0
8649.5,388
8650.5,555
8651.5,687
8652.5,776
8653.5,801
8654.5,763
8655.5,662
8656.5,526
8657.5,0
8658.5,0
8659.5,0
8660.5,0
8661.5,0
8662.5,0
8663.5,0
8664.5,0
8665.5,0
8666.5,0
8667.5,0
8668.5,0
8669.5,0
8670.5,0
8671.5,0
8672.5,0
8673.5,255
8674.5,473
8675.5,681
8676.5,722
8677.5,539
8678.5,444
8679.5,485
8680.5,441
8681.5,0
8682.5,0
8683.5,0
8684.5,0
8685.5,0
8686.5,0
8687.5,0
8688.5,0
8689.5,0
8690.5,0
8691.5,0
8692.5,0
8693.5,0
8694.5,0
8695.5,0
8696.5,0
8697.5,340
8698.5,529
8699.5,675
8700.5,766
8701.5,785
8702.5,750
8703.5,564
8704.5,388
8705.5,0
8706.5,0
8707.5,0
8708.5,0
8709.5,0
8710.5,0
8711.5,0
8712.5,0
8713.5,0
8714.5,0
8715.5,0
8716.5,0
8717.5,0
8718.5,0
8719.5,0
8720.5,0
8721.5,258
8722.5,324
8723.5,593
8724.5,665
8725.5,725
8726.5,779
8727.5,684
8728.5,555
8729.5,0
8730.5,0
8731.5,0
8732.5,0
8733.5,0
8734.5,0
8735.5,0
8736.5,0
8737.5,0
8738.5,0
8739.5,0
8740.5,0
8741.5,0
8742.5,0
8743.5,0
8744.5,0
8745.5,381
8746.5,555
8747.5,684
8748.5,776
8749.5,804
8750.5,769
8751.5,671
8752.5,536
8753.5,0
8754.5,0
8755.5,0
8756.5,0
8757.5,0
8758.5,0
8759.5,0
